,Datetime,Open,High,Low,Close,Volume
0,2024-08-23 04:00:00,512.25,514.8,512.25,513.09,0
1,2024-08-23 04:05:00,513.12,513.17,513.07,513.1,0
2,2024-08-23 04:10:00,513.08,513.21,513.08,513.17,0
3,2024-08-23 04:15:00,513.16,513.23,513.08,513.15,0
4,2024-08-23 04:20:00,513.2,513.31,513.17,513.31,0
5,2024-08-23 04:25:00,513.26,513.26,513.18,513.24,0
6,2024-08-23 04:30:00,513.27,513.33,513.25,513.33,0
7,2024-08-23 04:35:00,513.26,513.35,513.26,513.34,0
8,2024-08-23 04:40:00,513.32,513.32,513.24,513.29,0
9,2024-08-23 04:45:00,513.37,513.54,513.37,513.52,0
10,2024-08-23 04:50:00,513.48,513.52,513.45,513.52,0
11,2024-08-23 04:55:00,513.56,513.56,513.53,513.53,0
12,2024-08-23 05:00:00,513.59,513.59,513.39,513.44,0
13,2024-08-23 05:05:00,513.46,513.47,513.38,513.38,0
14,2024-08-23 05:10:00,513.38,513.43,513.3,513.36,0
15,2024-08-23 05:15:00,513.37,513.46,513.37,513.39,0
16,2024-08-23 05:20:00,513.39,513.46,513.26,513.37,0
17,2024-08-23 05:25:00,513.38,513.46,513.38,513.46,0
18,2024-08-23 05:30:00,513.59,513.63,513.52,513.52,0
19,2024-08-23 05:35:00,513.57,513.72,513.57,513.72,0
20,2024-08-23 05:40:00,513.76,513.76,513.7,513.7,0
21,2024-08-23 05:45:00,513.7,513.7,513.7,513.7,0
22,2024-08-23 05:50:00,513.76,513.76,513.71,513.76,0
23,2024-08-23 05:55:00,513.7,513.76,513.68,513.76,0
24,2024-08-23 06:00:00,513.75,513.88,513.67,513.82,0
25,2024-08-23 06:05:00,513.93,513.93,513.87,513.87,0
26,2024-08-23 06:10:00,513.74,513.8,513.74,513.75,0
27,2024-08-23 06:15:00,513.81,513.81,513.8,513.81,0
28,2024-08-23 06:20:00,513.81,513.83,513.68,513.69,0
29,2024-08-23 06:25:00,513.64,513.67,513.6,513.6,0
30,2024-08-23 06:30:00,513.69,513.88,513.69,513.88,0
31,2024-08-23 06:35:00,513.92,514.0,513.92,513.99,0
32,2024-08-23 06:40:00,513.99,514.4,513.99,514.4,0
33,2024-08-23 06:45:00,514.35,514.35,514.18,514.18,0
34,2024-08-23 06:50:00,514.16,514.26,514.15,514.26,0
35,2024-08-23 06:55:00,514.23,514.23,514.16,514.16,0
36,2024-08-23 07:00:00,514.21,514.28,514.0,514.0,0
37,2024-08-23 07:05:00,514.114,514.21,514.114,514.21,0
38,2024-08-23 07:10:00,514.16,514.179,514.05,514.084,0
39,2024-08-23 07:15:00,514.139,514.139,513.99,514.024,0
40,2024-08-23 07:20:00,513.96,513.96,513.87,513.88,0
41,2024-08-23 07:25:00,513.88,513.98,513.88,513.96,0
42,2024-08-23 07:30:00,514.03,514.03,513.86,513.93,0
43,2024-08-23 07:35:00,513.92,514.11,513.92,514.07,0
44,2024-08-23 07:40:00,514.09,514.15,514.05,514.05,0
45,2024-08-23 07:45:00,514.09,514.14,514.09,514.14,0
46,2024-08-23 07:50:00,514.14,514.14,514.0,514.0,0
47,2024-08-23 07:55:00,514.04,514.21,514.04,514.21,0
48,2024-08-23 08:00:00,514.29,514.29,512.26,514.26,0
49,2024-08-23 08:05:00,514.23,514.37,514.17,514.22,0
50,2024-08-23 08:10:00,514.22,514.26,514.01,514.07,0
51,2024-08-23 08:15:00,514.1,514.1196,513.995,513.995,0
52,2024-08-23 08:20:00,514.01,514.17,513.96,514.01,0
53,2024-08-23 08:25:00,514.0496,514.0496,513.85,513.97,0
54,2024-08-23 08:30:00,513.9117,514.18,513.9117,514.08,0
55,2024-08-23 08:35:00,514.14,514.26,514.01,514.22,0
56,2024-08-23 08:40:00,514.2296,514.34,514.2,514.25,0
57,2024-08-23 08:45:00,514.245,514.48,511.13,514.48,0
58,2024-08-23 08:50:00,514.415,514.5286,514.38,514.46,0
59,2024-08-23 08:55:00,514.44,514.561,514.36,514.48,0
60,2024-08-23 09:00:00,514.47,514.62,514.435,514.62,0
61,2024-08-23 09:05:00,514.61,514.67,514.5,514.52,0
62,2024-08-23 09:10:00,514.535,514.63,514.5,514.59,0
63,2024-08-23 09:30:00,514.3300170898438,514.3300170898438,513.6900024414062,513.914794921875,180162
64,2024-08-23 09:35:00,513.947021484375,514.3795776367188,513.9299926757812,514.3200073242188,42205
65,2024-08-23 09:40:00,514.3400268554688,514.3900146484375,513.969970703125,514.0,59308
66,2024-08-23 09:45:00,514.2000122070312,514.510009765625,514.1799926757812,514.39501953125,38938
67,2024-08-23 09:50:00,514.4382934570312,514.4382934570312,513.93212890625,514.3250122070312,36985
68,2024-08-23 09:55:00,514.4000244140625,514.530029296875,514.1876220703125,514.47998046875,46357
69,2024-08-23 10:00:00,514.5800170898438,516.6900024414062,514.5800170898438,516.2899169921875,120040
70,2024-08-23 10:05:00,516.2899780273438,516.669921875,515.2849731445312,516.5900268554688,65504
71,2024-08-23 10:10:00,516.6849975585938,517.5499877929688,516.6400146484375,516.8350219726562,86516
72,2024-08-23 10:15:00,516.9600219726562,517.219970703125,515.3530883789062,515.8200073242188,89195
73,2024-08-23 10:20:00,515.8200073242188,517.2869873046875,515.5662231445312,517.260009765625,84533
74,2024-08-23 10:25:00,517.0800170898438,517.5280151367188,516.7100219726562,517.2868041992188,52246
75,2024-08-23 10:30:00,517.2440185546875,517.2999877929688,516.4400024414062,516.489990234375,75253
76,2024-08-23 10:35:00,516.3099975585938,516.4498901367188,515.7999877929688,515.9949951171875,56979
77,2024-08-23 10:40:00,516.0599975585938,516.4500122070312,515.75,516.389404296875,33664
78,2024-08-23 10:45:00,516.3900146484375,516.4351806640625,513.3699951171875,513.989990234375,122101
79,2024-08-23 10:50:00,513.9400024414062,514.3499755859375,513.1799926757812,514.3499755859375,81649
80,2024-08-23 10:55:00,514.4000244140625,515.3099975585938,514.2999877929688,515.2000122070312,50663
81,2024-08-23 11:00:00,515.1099853515625,515.2899780273438,514.5599975585938,515.1470947265625,55702
82,2024-08-23 11:05:00,515.1099853515625,515.489990234375,514.969970703125,515.3599853515625,26155
83,2024-08-23 11:10:00,515.489990234375,515.9500122070312,514.3400268554688,515.9044189453125,46985
84,2024-08-23 11:15:00,515.989990234375,516.9000244140625,515.8499755859375,516.5599975585938,36714
85,2024-08-23 11:20:00,516.614990234375,516.614990234375,516.1199951171875,516.3699951171875,28943
86,2024-08-23 11:25:00,516.4400024414062,516.7999877929688,515.8699951171875,516.2626953125,52430
87,2024-08-23 11:30:00,516.3699951171875,516.4249877929688,516.1300048828125,516.2943725585938,101501
88,2024-08-23 11:35:00,516.2849731445312,516.5499877929688,516.25,516.5499877929688,22292
89,2024-08-23 11:40:00,516.5399780273438,516.989990234375,515.5706176757812,515.72998046875,46130
90,2024-08-23 11:45:00,515.77001953125,515.77001953125,515.0,515.682373046875,24212
91,2024-08-23 11:50:00,515.5700073242188,515.5999755859375,514.9080200195312,515.1400146484375,31063
92,2024-08-23 11:55:00,515.1480102539062,515.47998046875,514.6900024414062,514.7349853515625,110964
93,2024-08-23 12:00:00,514.75,514.75,513.7100219726562,514.0,40992
94,2024-08-23 12:05:00,514.0599975585938,514.1798095703125,513.3300170898438,514.1300048828125,301866
95,2024-08-23 12:10:00,514.1649780273438,514.1699829101562,513.3499755859375,513.4036254882812,32134
96,2024-08-23 12:15:00,513.4299926757812,514.0399780273438,513.1599731445312,513.97998046875,42379
97,2024-08-23 12:20:00,513.9149780273438,513.97998046875,513.5,513.5,40781
98,2024-08-23 12:25:00,513.469970703125,513.5103759765625,512.9099731445312,513.39501953125,77212
99,2024-08-23 12:30:00,513.3759765625,513.9099731445312,513.3250122070312,513.8400268554688,58892
100,2024-08-23 12:35:00,513.8200073242188,514.239990234375,513.780029296875,513.780029296875,40819
101,2024-08-23 12:40:00,513.8300170898438,513.8699951171875,512.4199829101562,512.7000122070312,30357
102,2024-08-23 12:45:00,512.77001953125,512.9099731445312,512.2520751953125,512.8599853515625,63785
103,2024-08-23 12:50:00,512.9500122070312,513.7899780273438,512.9500122070312,513.6699829101562,32424
104,2024-08-23 12:55:00,513.7999877929688,514.4299926757812,513.7999877929688,514.02001953125,21438
105,2024-08-23 13:00:00,513.9099731445312,514.2000122070312,513.75,514.0549926757812,30923
106,2024-08-23 13:05:00,514.0399780273438,514.3001098632812,514.010009765625,514.0150146484375,16187
107,2024-08-23 13:10:00,514.1296997070312,514.239990234375,513.9423828125,514.2000122070312,14243
108,2024-08-23 13:15:00,514.2100219726562,514.5399780273438,514.2100219726562,514.3400268554688,16454
109,2024-08-23 13:20:00,514.3829956054688,514.7390747070312,514.3300170898438,514.7390747070312,26754
110,2024-08-23 13:25:00,514.719970703125,515.0800170898438,514.6199951171875,514.9400024414062,23648
111,2024-08-23 13:30:00,514.969970703125,515.2000122070312,514.9099731445312,515.0599975585938,31215
112,2024-08-23 13:35:00,515.0499267578125,515.25,514.8980712890625,515.219970703125,83389
113,2024-08-23 13:40:00,515.1199951171875,515.6099853515625,515.0700073242188,515.5999755859375,32389
114,2024-08-23 13:45:00,515.5490112304688,515.5490112304688,514.969970703125,515.142578125,24164
115,2024-08-23 13:50:00,515.2098999023438,515.2999877929688,514.864990234375,515.239990234375,18108
116,2024-08-23 13:55:00,515.1950073242188,515.22998046875,514.8599853515625,515.0438232421875,26890
117,2024-08-23 14:00:00,514.9600219726562,515.3300170898438,514.9099731445312,515.3300170898438,24180
118,2024-08-23 14:05:00,515.3499755859375,515.4243774414062,515.1500244140625,515.280029296875,22004
119,2024-08-23 14:10:00,515.3699951171875,515.5900268554688,515.1812744140625,515.4949951171875,15292
120,2024-08-23 14:15:00,515.4821166992188,515.6099853515625,515.3800048828125,515.5089721679688,14659
121,2024-08-23 14:20:00,515.5299072265625,515.5399780273438,514.9600219726562,515.5,646916
122,2024-08-23 14:25:00,515.52001953125,515.5499877929688,515.3699951171875,515.4650268554688,212359
123,2024-08-23 14:30:00,515.4310302734375,515.47998046875,515.2501831054688,515.27001953125,16640
124,2024-08-23 14:35:00,515.35498046875,515.5399780273438,515.1799926757812,515.4078979492188,19881
125,2024-08-23 14:40:00,515.3980102539062,515.72998046875,515.3980102539062,515.5872802734375,26255
126,2024-08-23 14:45:00,515.5850219726562,515.7899780273438,515.5850219726562,515.64501953125,22053
127,2024-08-23 14:50:00,515.5700073242188,515.760009765625,515.531982421875,515.6500244140625,14592
128,2024-08-23 14:55:00,515.64501953125,515.6898803710938,515.0679931640625,515.4199829101562,16580
129,2024-08-23 15:00:00,515.3200073242188,515.385009765625,514.8699951171875,515.1500244140625,33483
130,2024-08-23 15:05:00,515.1099853515625,515.5,515.1099853515625,515.5,20917
131,2024-08-23 15:10:00,515.5,516.3400268554688,515.5,516.0599975585938,54211
132,2024-08-23 15:15:00,516.155029296875,516.27001953125,515.9199829101562,516.219970703125,34820
133,2024-08-23 15:20:00,516.25048828125,516.5399780273438,516.1199951171875,516.4600219726562,25952
134,2024-08-23 15:25:00,516.5,516.780029296875,516.4100952148438,516.77001953125,35691
135,2024-08-23 15:30:00,516.6799926757812,516.7999877929688,516.2999877929688,516.47998046875,55887
136,2024-08-23 15:35:00,516.4149780273438,516.4600219726562,515.9450073242188,516.1099853515625,39859
137,2024-08-23 15:40:00,516.0999755859375,516.3699951171875,515.844970703125,515.8900146484375,88811
138,2024-08-23 15:45:00,515.8499755859375,516.2899780273438,515.3499755859375,516.260009765625,73171
139,2024-08-23 15:50:00,516.3699951171875,517.0,515.9423828125,516.97998046875,114560
140,2024-08-23 15:55:00,516.989990234375,517.1699829101562,516.489990234375,516.6300048828125,180872
141,2024-08-23 16:00:00,516.63,516.76,515.1863,516.639,0
142,2024-08-23 16:05:00,516.615,516.76,516.6,516.71,0
143,2024-08-23 16:10:00,516.71,516.71,516.4,516.5,0
144,2024-08-23 16:15:00,516.66,516.77,516.575,516.76,0
145,2024-08-23 16:20:00,516.75,516.93,516.75,516.9291,0
146,2024-08-23 16:25:00,516.96,516.98,516.82,516.84,0
147,2024-08-23 16:30:00,516.84,517.42,511.89,516.78,0
148,2024-08-23 16:35:00,516.725,516.84,516.71,516.76,0
149,2024-08-23 16:40:00,516.77,516.8,516.71,516.76,0
150,2024-08-23 16:45:00,516.76,516.78,516.69,516.76,0
151,2024-08-23 16:50:00,516.715,516.77,516.66,516.735,0
152,2024-08-23 16:55:00,516.7,516.73,516.3,516.3,0
153,2024-08-23 17:00:00,516.61,516.795,516.5942,516.7183,0
154,2024-08-23 17:05:00,516.72,516.72,516.2,516.65,0
155,2024-08-23 17:10:00,516.72,516.72,516.46,516.635,0
156,2024-08-23 17:15:00,516.5542,516.72,516.55,516.55,0
157,2024-08-23 17:20:00,516.635,516.72,516.55,516.635,0
158,2024-08-23 17:25:00,516.635,516.9887,516.55,516.9887,0
159,2024-08-23 17:30:00,516.63,517.0,516.55,516.775,0
160,2024-08-23 17:35:00,516.77,517.0,516.55,516.775,0
161,2024-08-23 17:40:00,516.9887,517.0,516.55,516.66,0
162,2024-08-23 17:45:00,516.77,516.77,516.55,516.66,0
163,2024-08-23 17:50:00,516.66,516.77,516.55,516.66,0
164,2024-08-23 17:55:00,516.66,517.0,516.66,516.775,0
165,2024-08-23 18:00:00,516.73,517.0,516.55,516.7,0
166,2024-08-23 18:05:00,517.0,517.0,516.7,516.775,0
167,2024-08-23 18:10:00,516.775,517.0,516.55,516.775,0
168,2024-08-23 18:15:00,516.775,517.0,516.66,517.0,0
169,2024-08-23 18:20:00,516.82,517.0,516.67,516.85,0
170,2024-08-23 18:25:00,516.85,517.0,516.7,516.85,0
171,2024-08-23 18:30:00,516.85,517.0,516.7075,516.85,0
172,2024-08-23 18:35:00,516.85,517.0,516.7,517.0,0
173,2024-08-23 18:40:00,516.85,517.0,516.7,516.85,0
174,2024-08-23 18:45:00,516.85,517.0,516.7,516.85,0
175,2024-08-23 18:50:00,516.85,517.0,516.7,516.85,0
176,2024-08-23 18:55:00,516.85,517.0,516.7,516.85,0
177,2024-08-23 19:00:00,516.85,517.0,516.55,516.765,0
178,2024-08-23 19:05:00,516.765,516.98,516.55,516.765,0
179,2024-08-23 19:10:00,516.98,516.98,516.76,516.765,0
180,2024-08-23 19:15:00,516.765,516.98,516.55,516.765,0
181,2024-08-23 19:20:00,516.765,516.98,516.55,516.765,0
182,2024-08-23 19:25:00,516.765,516.98,516.66,516.675,0
183,2024-08-23 19:30:00,516.675,516.76,516.55,516.675,0
184,2024-08-23 19:35:00,516.675,516.8,516.55,516.675,0
185,2024-08-23 19:40:00,516.675,516.8,516.55,516.675,0
186,2024-08-23 19:45:00,516.675,516.8,516.6,516.675,0
187,2024-08-23 19:50:00,516.675,516.98,516.55,516.765,0
188,2024-08-23 19:55:00,516.765,516.98,516.73,516.77,0
189,2024-08-26 04:00:00,517.29,520.0,516.83,517.55,0
190,2024-08-26 04:05:00,517.5,517.67,517.37,517.63,0
191,2024-08-26 04:10:00,517.8,517.8,517.62,517.73,0
192,2024-08-26 04:15:00,517.75,517.87,517.73,517.81,0
193,2024-08-26 04:20:00,517.8,517.8,517.53,517.55,0
194,2024-08-26 04:25:00,517.53,517.67,517.42,517.67,0
195,2024-08-26 04:30:00,517.62,517.77,517.54,517.77,0
196,2024-08-26 04:35:00,517.64,517.77,517.64,517.76,0
197,2024-08-26 04:40:00,517.67,517.72,517.6,517.69,0
198,2024-08-26 04:45:00,517.75,517.75,517.62,517.68,0
199,2024-08-26 04:50:00,517.63,517.76,517.63,517.76,0
200,2024-08-26 04:55:00,517.76,517.81,517.68,517.78,0
201,2024-08-26 05:00:00,517.82,517.82,517.66,517.66,0
202,2024-08-26 05:05:00,517.67,517.7,517.54,517.54,0
203,2024-08-26 05:10:00,517.53,517.58,517.42,517.58,0
204,2024-08-26 05:15:00,517.53,517.6,517.53,517.58,0
205,2024-08-26 05:20:00,517.72,517.72,517.58,517.58,0
206,2024-08-26 05:25:00,517.57,517.66,517.57,517.66,0
207,2024-08-26 05:30:00,517.65,517.67,517.57,517.59,0
208,2024-08-26 05:35:00,517.55,517.65,517.54,517.65,0
209,2024-08-26 05:40:00,517.65,517.74,517.63,517.7,0
210,2024-08-26 05:45:00,517.67,517.68,517.58,517.62,0
211,2024-08-26 05:50:00,517.61,517.69,517.57,517.67,0
212,2024-08-26 05:55:00,517.67,517.69,517.58,517.61,0
213,2024-08-26 06:00:00,517.69,517.71,517.64,517.68,0
214,2024-08-26 06:05:00,517.69,517.83,517.61,517.83,0
215,2024-08-26 06:10:00,517.83,517.83,517.69,517.71,0
216,2024-08-26 06:15:00,517.8,517.85,517.8,517.83,0
217,2024-08-26 06:20:00,517.83,517.83,517.76,517.78,0
218,2024-08-26 06:25:00,517.75,517.85,517.75,517.85,0
219,2024-08-26 06:30:00,517.76,517.77,517.5,517.5,0
220,2024-08-26 06:35:00,517.54,517.65,517.53,517.65,0
221,2024-08-26 06:40:00,517.65,517.65,517.4,517.45,0
222,2024-08-26 06:45:00,517.55,517.69,517.52,517.63,0
223,2024-08-26 06:50:00,517.62,517.67,517.58,517.66,0
224,2024-08-26 06:55:00,517.66,517.73,517.64,517.69,0
225,2024-08-26 07:00:00,517.66,517.83,517.62,517.8,0
226,2024-08-26 07:05:00,517.81,517.81,517.6,517.7,0
227,2024-08-26 07:10:00,517.58,517.651,517.5,517.6,0
228,2024-08-26 07:15:00,517.61,517.74,517.57,517.61,0
229,2024-08-26 07:20:00,517.67,517.68,517.66,517.68,0
230,2024-08-26 07:25:00,517.61,517.61,517.49,517.57,0
231,2024-08-26 07:30:00,517.52,517.63,517.46,517.61,0
232,2024-08-26 07:35:00,517.61,517.62,517.42,517.43,0
233,2024-08-26 07:40:00,517.4,517.4,517.03,517.09,0
234,2024-08-26 07:45:00,517.05,517.05,516.83,517.04,0
235,2024-08-26 07:50:00,517.13,517.39,517.12,517.39,0
236,2024-08-26 07:55:00,517.42,517.48,517.39,517.41,0
237,2024-08-26 08:00:00,517.22,517.8677,516.105,517.395,0
238,2024-08-26 08:05:00,517.355,517.49,517.31,517.4,0
239,2024-08-26 08:10:00,517.38,517.66,517.38,517.6,0
240,2024-08-26 08:15:00,517.585,517.68,517.58,517.64,0
241,2024-08-26 08:20:00,517.62,517.65,517.52,517.54,0
242,2024-08-26 08:25:00,517.5633,517.575,517.48,517.575,0
243,2024-08-26 08:30:00,517.5794,517.5794,517.295,517.395,0
244,2024-08-26 08:35:00,517.37,517.45,517.27,517.41,0
245,2024-08-26 08:40:00,517.38,517.39,517.075,517.1,0
246,2024-08-26 08:45:00,517.09,517.34,516.66,517.29,0
247,2024-08-26 08:50:00,517.265,517.6,517.265,517.55,0
248,2024-08-26 08:55:00,517.575,517.67,517.535,517.67,0
249,2024-08-26 09:00:00,517.6,517.66,517.43,517.47,0
250,2024-08-26 09:05:00,517.455,517.68,517.455,517.62,0
251,2024-08-26 09:10:00,517.62,517.78,517.62,517.69,0
252,2024-08-26 09:30:00,517.6400146484375,518.2899780273438,517.4500122070312,518.1500244140625,337787
253,2024-08-26 09:35:00,518.1300048828125,518.27001953125,517.5947265625,518.030029296875,62492
254,2024-08-26 09:40:00,517.9400024414062,518.0098876953125,517.4450073242188,517.8099975585938,51335
255,2024-08-26 09:45:00,517.8400268554688,517.8499755859375,517.4299926757812,517.5800170898438,67212
256,2024-08-26 09:50:00,517.6500244140625,517.780029296875,517.2100219726562,517.239990234375,50574
257,2024-08-26 09:55:00,517.4400024414062,517.5700073242188,517.35498046875,517.489990234375,30433
258,2024-08-26 10:00:00,517.5,517.6300048828125,517.0999755859375,517.47998046875,36046
259,2024-08-26 10:05:00,517.5,517.530029296875,516.6599731445312,516.719970703125,118354
260,2024-08-26 10:10:00,516.77001953125,516.8499755859375,516.4500122070312,516.6699829101562,50174
261,2024-08-26 10:15:00,516.5499877929688,516.7100219726562,516.0999755859375,516.260009765625,76500
262,2024-08-26 10:20:00,516.3300170898438,516.5700073242188,516.2899780273438,516.530029296875,42130
263,2024-08-26 10:25:00,516.510009765625,516.739990234375,516.2899780273438,516.4400024414062,39215
264,2024-08-26 10:30:00,516.4099731445312,516.469970703125,515.6500244140625,515.7000122070312,46421
265,2024-08-26 10:35:00,515.7100219726562,515.8400268554688,514.8800048828125,515.0399780273438,54883
266,2024-08-26 10:40:00,515.010009765625,515.5599975585938,514.9299926757812,515.3800048828125,52717
267,2024-08-26 10:45:00,515.4000244140625,515.6500244140625,515.2999877929688,515.3499755859375,35205
268,2024-08-26 10:50:00,515.3234252929688,515.6599731445312,515.239990234375,515.5,26230
269,2024-08-26 10:55:00,515.489990234375,515.849609375,515.3699951171875,515.760009765625,22545
270,2024-08-26 11:00:00,515.719970703125,515.8900146484375,515.6500244140625,515.77001953125,28769
271,2024-08-26 11:05:00,515.739990234375,515.75,515.260009765625,515.3900146484375,20471
272,2024-08-26 11:10:00,515.4400024414062,515.760009765625,515.27001953125,515.6599731445312,30699
273,2024-08-26 11:15:00,515.6400756835938,515.6400756835938,515.1699829101562,515.47998046875,35799
274,2024-08-26 11:20:00,515.469970703125,515.72998046875,515.22998046875,515.52001953125,47037
275,2024-08-26 11:25:00,515.4099731445312,515.5150146484375,515.1400146484375,515.3300170898438,36367
276,2024-08-26 11:30:00,515.22998046875,515.344970703125,514.9400024414062,515.219970703125,44981
277,2024-08-26 11:35:00,515.2100219726562,515.239990234375,514.9650268554688,515.1500244140625,59997
278,2024-08-26 11:40:00,515.1199951171875,515.5900268554688,515.0750122070312,515.2000122070312,27350
279,2024-08-26 11:45:00,515.010009765625,515.219970703125,514.6199951171875,515.2100219726562,21951
280,2024-08-26 11:50:00,515.2000122070312,515.27001953125,514.6701049804688,514.760009765625,51354
281,2024-08-26 11:55:00,514.77001953125,514.8300170898438,514.510009765625,514.7199096679688,23088
282,2024-08-26 12:00:00,514.6799926757812,514.809814453125,514.4600219726562,514.7100219726562,22113
283,2024-08-26 12:05:00,514.77001953125,514.8599853515625,514.5599975585938,514.6500244140625,152035
284,2024-08-26 12:10:00,514.6900024414062,514.9849853515625,514.5700073242188,514.7000122070312,28893
285,2024-08-26 12:15:00,514.739990234375,515.1400146484375,514.739990234375,515.0399780273438,27432
286,2024-08-26 12:20:00,515.0999755859375,515.77001953125,515.0798950195312,515.6201171875,47053
287,2024-08-26 12:25:00,515.6099853515625,515.8350219726562,515.5050048828125,515.7874145507812,39674
288,2024-08-26 12:30:00,516.0335083007812,516.0599975585938,515.75,515.7999877929688,24679
289,2024-08-26 12:35:00,515.780029296875,516.010009765625,515.780029296875,515.947021484375,17303
290,2024-08-26 12:40:00,515.9450073242188,516.0499877929688,515.8499755859375,516.0499877929688,119021
291,2024-08-26 12:45:00,516.0944213867188,516.1799926757812,515.97998046875,516.0809936523438,19230
292,2024-08-26 12:50:00,516.0700073242188,516.219970703125,515.8499755859375,515.9199829101562,18696
293,2024-08-26 12:55:00,515.969970703125,516.0999755859375,515.969970703125,516.0695190429688,18808
294,2024-08-26 13:00:00,516.0700073242188,516.239990234375,515.9500732421875,516.239990234375,35440
295,2024-08-26 13:05:00,516.2449951171875,516.2449951171875,515.6400146484375,515.8300170898438,21470
296,2024-08-26 13:10:00,515.8400268554688,515.969970703125,515.5150146484375,515.9227294921875,18138
297,2024-08-26 13:15:00,515.9099731445312,515.968994140625,515.5,515.5134887695312,26105
298,2024-08-26 13:20:00,515.5599975585938,515.9199829101562,515.510009765625,515.8800048828125,23667
299,2024-08-26 13:25:00,515.8367919921875,516.0,515.5399780273438,515.5399780273438,14438
300,2024-08-26 13:30:00,515.5399780273438,515.6699829101562,515.47998046875,515.6143798828125,18033
301,2024-08-26 13:35:00,515.6099853515625,515.6099853515625,514.5399780273438,514.6500244140625,30966
302,2024-08-26 13:40:00,514.72998046875,514.9199829101562,514.69873046875,514.773681640625,28188
303,2024-08-26 13:45:00,514.7999877929688,514.7999877929688,513.989990234375,514.219970703125,33632
304,2024-08-26 13:50:00,514.1699829101562,514.260009765625,514.0499877929688,514.2449951171875,33376
305,2024-08-26 13:55:00,514.1599731445312,514.3400268554688,513.989990234375,514.22998046875,19896
306,2024-08-26 14:00:00,514.25,514.530029296875,514.0800170898438,514.1199951171875,29444
307,2024-08-26 14:05:00,514.27001953125,514.27001953125,513.875,514.0700073242188,16949
308,2024-08-26 14:10:00,514.0700073242188,514.4299926757812,513.9199829101562,514.4199829101562,30805
309,2024-08-26 14:15:00,514.4099731445312,514.469970703125,514.2000122070312,514.4400024414062,27509
310,2024-08-26 14:20:00,514.4600219726562,514.968994140625,514.4600219726562,514.8497924804688,23538
311,2024-08-26 14:25:00,514.7949829101562,514.989990234375,514.7100219726562,514.9299926757812,28585
312,2024-08-26 14:30:00,514.9000244140625,515.0349731445312,514.72998046875,514.95947265625,51431
313,2024-08-26 14:35:00,514.969970703125,515.4000244140625,514.9600219726562,515.25,21721
314,2024-08-26 14:40:00,515.22998046875,515.52001953125,515.22998046875,515.4169921875,20842
315,2024-08-26 14:45:00,515.5,515.5,515.219970703125,515.25,21210
316,2024-08-26 14:50:00,515.2435302734375,515.3800048828125,515.02197265625,515.0700073242188,29282
317,2024-08-26 14:55:00,515.1199951171875,515.5,515.1199951171875,515.4749755859375,17065
318,2024-08-26 15:00:00,515.4199829101562,515.52978515625,515.260009765625,515.260009765625,24895
319,2024-08-26 15:05:00,515.280029296875,515.3099975585938,514.97998046875,515.1400146484375,28338
320,2024-08-26 15:10:00,515.1799926757812,515.4500122070312,515.1799926757812,515.3328247070312,28743
321,2024-08-26 15:15:00,515.3499755859375,515.3699951171875,515.0800170898438,515.260009765625,23222
322,2024-08-26 15:20:00,515.2999877929688,515.451171875,515.219970703125,515.27001953125,22668
323,2024-08-26 15:25:00,515.3095092773438,515.3900146484375,515.1099853515625,515.1099853515625,26736
324,2024-08-26 15:30:00,514.989990234375,515.25,514.9099731445312,515.1699829101562,27424
325,2024-08-26 15:35:00,515.1799926757812,515.1950073242188,514.9550170898438,515.0050048828125,32879
326,2024-08-26 15:40:00,514.9299926757812,515.2484130859375,514.8699951171875,514.8699951171875,39088
327,2024-08-26 15:45:00,514.9000244140625,514.9891967773438,514.710205078125,514.739990234375,30583
328,2024-08-26 15:50:00,514.739990234375,515.280029296875,514.739990234375,515.010009765625,71798
329,2024-08-26 15:55:00,514.97998046875,515.469970703125,514.5599975585938,515.4099731445312,162835
330,2024-08-26 16:00:00,515.39,515.48,515.05,515.05,0
331,2024-08-26 16:05:00,515.05,515.5645,514.89,514.939,0
332,2024-08-26 16:10:00,514.92,514.95,514.8,514.825,0
333,2024-08-26 16:15:00,514.87,515.39,514.8,514.9,0
334,2024-08-26 16:20:00,514.89,514.96,514.875,514.92,0
335,2024-08-26 16:25:00,514.905,514.92,514.83,514.9,0
336,2024-08-26 16:30:00,514.87,514.89,514.57,514.59,0
337,2024-08-26 16:35:00,514.6183,514.64,514.54,514.625,0
338,2024-08-26 16:40:00,514.645,514.7,514.53,514.56,0
339,2024-08-26 16:45:00,514.56,514.71,514.56,514.685,0
340,2024-08-26 16:50:00,514.695,515.39,514.69,515.39,0
341,2024-08-26 16:55:00,514.96,514.97,514.64,514.64,0
342,2024-08-26 17:00:00,514.8,514.925,514.4,514.725,0
343,2024-08-26 17:05:00,514.799,514.7996,514.65,514.725,0
344,2024-08-26 17:10:00,514.725,515.2,514.6029,514.8,0
345,2024-08-26 17:15:00,514.8,514.97,514.4,514.65,0
346,2024-08-26 17:20:00,514.9,514.9,514.4,514.645,0
347,2024-08-26 17:25:00,514.645,515.45,514.41,515.45,0
348,2024-08-26 17:30:00,515.45,516.59,514.41,515.24,0
349,2024-08-26 17:35:00,515.24,516.07,514.41,515.24,0
350,2024-08-26 17:40:00,515.24,516.07,514.41,515.24,0
351,2024-08-26 17:45:00,515.24,516.07,514.41,514.69,0
352,2024-08-26 17:50:00,514.41,514.97,514.41,514.7,0
353,2024-08-26 17:55:00,514.7,514.97,514.4237,514.7,0
354,2024-08-26 18:00:00,514.72,515.06,514.72,514.99,0
355,2024-08-26 18:05:00,514.965,515.0,514.3,514.35,0
356,2024-08-26 18:10:00,514.42,514.69,514.42,514.58,0
357,2024-08-26 18:15:00,514.6,514.67,514.43,514.49,0
358,2024-08-26 18:20:00,514.465,514.61,514.435,514.48,0
359,2024-08-26 18:25:00,514.48,514.52,514.41,514.41,0
360,2024-08-26 18:30:00,514.51,514.51,514.132,514.255,0
361,2024-08-26 18:35:00,514.27,514.42,514.27,514.39,0
362,2024-08-26 18:40:00,514.36,514.4,514.23,514.245,0
363,2024-08-26 18:45:00,514.215,514.29,514.15,514.255,0
364,2024-08-26 18:50:00,514.26,514.315,514.22,514.2882,0
365,2024-08-26 18:55:00,514.27,514.41,514.27,514.375,0
366,2024-08-26 19:00:00,514.385,514.56,514.32,514.54,0
367,2024-08-26 19:05:00,514.495,514.52,514.45,514.47,0
368,2024-08-26 19:10:00,514.47,514.51,514.39,514.47,0
369,2024-08-26 19:15:00,514.495,514.77,514.47,514.7009,0
370,2024-08-26 19:20:00,514.735,514.9688,514.685,514.94,0
371,2024-08-26 19:25:00,514.87,515.0,514.8217,514.95,0
372,2024-08-26 19:30:00,514.98,515.02,514.885,514.9588,0
373,2024-08-26 19:35:00,514.93,515.0,514.87,514.93,0
374,2024-08-26 19:40:00,514.9596,515.0,514.9,515.0,0
375,2024-08-26 19:45:00,515.0,515.0291,514.845,514.9,0
376,2024-08-26 19:50:00,514.89,515.0188,514.89,515.01,0
377,2024-08-26 19:55:00,514.975,514.99,514.92,514.925,0
378,2024-08-27 04:00:00,516.0,516.0,514.92,515.93,0
379,2024-08-27 04:05:00,516.0,516.1,516.0,516.1,0
380,2024-08-27 04:10:00,516.1,516.26,516.0,516.26,0
381,2024-08-27 04:15:00,516.22,516.22,516.05,516.1,0
382,2024-08-27 04:20:00,516.04,516.08,516.03,516.08,0
383,2024-08-27 04:25:00,516.08,516.09,515.94,516.02,0
384,2024-08-27 04:30:00,516.02,516.03,516.01,516.01,0
385,2024-08-27 04:35:00,516.04,516.21,516.04,516.13,0
386,2024-08-27 04:40:00,516.22,516.22,516.07,516.14,0
387,2024-08-27 04:45:00,516.17,516.17,516.1,516.1,0
388,2024-08-27 04:50:00,516.07,516.07,515.85,515.85,0
389,2024-08-27 04:55:00,515.8,515.91,515.77,515.87,0
390,2024-08-27 05:00:00,515.91,515.91,515.88,515.91,0
391,2024-08-27 05:05:00,516.01,516.01,516.01,516.01,0
392,2024-08-27 05:10:00,516.06,516.07,516.0,516.07,0
393,2024-08-27 05:15:00,516.09,516.16,516.05,516.1,0
394,2024-08-27 05:20:00,516.14,516.22,516.14,516.22,0
395,2024-08-27 05:25:00,516.2,516.2,516.16,516.16,0
396,2024-08-27 05:30:00,516.05,516.09,515.96,516.0,0
397,2024-08-27 05:35:00,515.96,516.09,515.9,516.0,0
398,2024-08-27 05:40:00,515.9,515.95,515.9,515.95,0
399,2024-08-27 05:45:00,515.95,515.95,515.8,515.81,0
400,2024-08-27 05:50:00,515.83,515.89,515.83,515.89,0
401,2024-08-27 05:55:00,515.94,515.94,515.85,515.88,0
402,2024-08-27 06:00:00,515.83,515.83,515.72,515.75,0
403,2024-08-27 06:05:00,515.72,515.72,515.5,515.5,0
404,2024-08-27 06:10:00,515.49,515.49,515.15,515.2,0
405,2024-08-27 06:15:00,515.3,515.3,515.05,515.26,0
406,2024-08-27 06:20:00,515.2,515.2,515.12,515.12,0
407,2024-08-27 06:25:00,515.07,515.19,515.07,515.19,0
408,2024-08-27 06:30:00,515.25,515.34,515.24,515.24,0
409,2024-08-27 06:35:00,515.32,515.32,515.2,515.26,0
410,2024-08-27 06:40:00,515.2,515.23,515.07,515.07,0
411,2024-08-27 06:45:00,515.04,515.15,515.04,515.12,0
412,2024-08-27 06:50:00,515.13,515.13,514.64,514.7,0
413,2024-08-27 06:55:00,514.69,514.84,514.69,514.8,0
414,2024-08-27 07:00:00,514.83,514.84,514.54,514.62,0
415,2024-08-27 07:05:00,514.84,515.056,514.84,515.056,0
416,2024-08-27 07:10:00,515.18,515.25,515.15,515.16,0
417,2024-08-27 07:15:00,515.2,515.2,515.12,515.12,0
418,2024-08-27 07:20:00,515.12,515.17,515.12,515.14,0
419,2024-08-27 07:25:00,515.18,515.23,515.13,515.23,0
420,2024-08-27 07:30:00,515.32,515.67,515.32,515.55,0
421,2024-08-27 07:35:00,515.55,515.64,515.52,515.52,0
422,2024-08-27 07:40:00,515.59,515.69,515.58,515.59,0
423,2024-08-27 07:45:00,515.69,515.74,515.54,515.6,0
424,2024-08-27 07:50:00,515.6,515.65,515.41,515.47,0
425,2024-08-27 07:55:00,515.5,515.53,515.35,515.35,0
426,2024-08-27 08:00:00,515.31,515.75,514.535,515.07,0
427,2024-08-27 08:05:00,515.07,515.39,515.005,515.115,0
428,2024-08-27 08:10:00,515.11,515.155,514.8,514.85,0
429,2024-08-27 08:15:00,514.885,514.934,514.75,514.79,0
430,2024-08-27 08:20:00,514.79,514.81,514.58,514.8,0
431,2024-08-27 08:25:00,514.815,514.9186,514.64,514.885,0
432,2024-08-27 08:30:00,514.8,514.8575,514.64,514.68,0
433,2024-08-27 08:35:00,514.715,514.715,514.33,514.43,0
434,2024-08-27 08:40:00,514.5,514.5,514.215,514.27,0
435,2024-08-27 08:45:00,514.29,515.39,513.98,513.99,0
436,2024-08-27 08:50:00,513.95,514.08,513.65,514.0,0
437,2024-08-27 08:55:00,514.01,514.195,513.995,514.03,0
438,2024-08-27 09:00:00,514.11,514.13,513.25,513.25,0
439,2024-08-27 09:05:00,513.25,517.71,513.25,513.68,0
440,2024-08-27 09:10:00,513.61,514.08,513.54,513.61,0
441,2024-08-27 09:30:00,514.260009765625,514.3599853515625,513.580078125,514.0,232116
442,2024-08-27 09:35:00,513.989990234375,514.0599975585938,513.3800048828125,513.4099731445312,58637
443,2024-08-27 09:40:00,513.4500122070312,513.8800048828125,513.1599731445312,513.6900024414062,66627
444,2024-08-27 09:45:00,513.739990234375,514.1199951171875,513.3599853515625,514.0280151367188,34689
445,2024-08-27 09:50:00,513.969970703125,514.9000244140625,513.969970703125,514.7899780273438,35070
446,2024-08-27 09:55:00,514.780029296875,514.89990234375,514.3699951171875,514.52001953125,38440
447,2024-08-27 10:00:00,514.7435913085938,514.9299926757812,514.3576049804688,514.6599731445312,75412
448,2024-08-27 10:05:00,514.75,514.8499755859375,514.5999755859375,514.719970703125,33015
449,2024-08-27 10:10:00,514.77001953125,515.0599975585938,514.5599975585938,514.7000122070312,45275
450,2024-08-27 10:15:00,514.8300170898438,514.8699951171875,514.5,514.7894287109375,29696
451,2024-08-27 10:20:00,514.8300170898438,515.5700073242188,514.6400146484375,515.530029296875,39202
452,2024-08-27 10:25:00,515.47998046875,515.719970703125,515.2999877929688,515.7072143554688,32879
453,2024-08-27 10:30:00,515.5803833007812,516.0499877929688,515.5803833007812,515.7860107421875,37129
454,2024-08-27 10:35:00,515.739990234375,515.9450073242188,515.530029296875,515.869873046875,56657
455,2024-08-27 10:40:00,515.8798828125,516.0123901367188,515.7941284179688,515.99658203125,21733
456,2024-08-27 10:45:00,516.010009765625,516.02001953125,515.6782836914062,515.9400024414062,30395
457,2024-08-27 10:50:00,515.9099731445312,516.1400146484375,515.719970703125,515.9199829101562,38869
458,2024-08-27 10:55:00,515.9500122070312,516.25,515.8599853515625,516.2000122070312,30330
459,2024-08-27 11:00:00,516.2000122070312,516.5700073242188,516.1599731445312,516.4099731445312,53470
460,2024-08-27 11:05:00,516.3900146484375,516.5900268554688,516.280029296875,516.510009765625,22332
461,2024-08-27 11:10:00,516.4400024414062,516.52001953125,516.1749877929688,516.22998046875,21606
462,2024-08-27 11:15:00,516.3300170898438,516.3599853515625,515.5,515.7650146484375,36970
463,2024-08-27 11:20:00,515.7650146484375,516.0700073242188,515.719970703125,515.7999877929688,19640
464,2024-08-27 11:25:00,515.739990234375,515.760009765625,515.4243774414062,515.6099853515625,22105
465,2024-08-27 11:30:00,515.3800048828125,515.5,514.594970703125,514.8800048828125,32321
466,2024-08-27 11:35:00,514.8699951171875,515.22998046875,514.8699951171875,515.010009765625,25906
467,2024-08-27 11:40:00,515.02001953125,515.1799926757812,514.7899780273438,515.0999755859375,16882
468,2024-08-27 11:45:00,515.1199951171875,515.3200073242188,514.969970703125,515.0499877929688,23248
469,2024-08-27 11:50:00,515.139892578125,515.1799926757812,514.855224609375,514.989990234375,14328
470,2024-08-27 11:55:00,514.9600219726562,515.3499755859375,514.905029296875,515.3400268554688,172036
471,2024-08-27 12:00:00,515.3200073242188,515.4205932617188,515.2150268554688,515.2811889648438,29606
472,2024-08-27 12:05:00,515.2501220703125,515.3300170898438,515.10498046875,515.1950073242188,9290
473,2024-08-27 12:10:00,515.219970703125,515.7319946289062,515.1699829101562,515.7319946289062,12044
474,2024-08-27 12:15:00,515.77001953125,515.7916870117188,515.530029296875,515.6099853515625,12602
475,2024-08-27 12:20:00,515.6599731445312,515.6599731445312,515.375,515.510009765625,10182
476,2024-08-27 12:25:00,515.510009765625,515.5599975585938,515.2999877929688,515.4400024414062,16151
477,2024-08-27 12:30:00,515.4099731445312,515.6900024414062,515.2100219726562,515.6024169921875,13905
478,2024-08-27 12:35:00,515.6099853515625,515.638427734375,515.3756103515625,515.3800048828125,8580
479,2024-08-27 12:40:00,515.3048095703125,515.3048095703125,514.6900024414062,514.8900146484375,78505
480,2024-08-27 12:45:00,514.875,515.419921875,514.875,515.3900756835938,12347
481,2024-08-27 12:50:00,515.4299926757812,515.7100219726562,515.4099731445312,515.669921875,14565
482,2024-08-27 12:55:00,515.5750122070312,515.6132202148438,515.3699951171875,515.4400024414062,15119
483,2024-08-27 13:00:00,515.4249877929688,515.5800170898438,515.4000854492188,515.5349731445312,14119
484,2024-08-27 13:05:00,515.5499877929688,515.7825927734375,515.5,515.7000122070312,14061
485,2024-08-27 13:10:00,515.7100219726562,515.8499755859375,515.6799926757812,515.8400268554688,16265
486,2024-08-27 13:15:00,515.7774047851562,515.8699951171875,515.6900024414062,515.8499145507812,7494
487,2024-08-27 13:20:00,515.9199829101562,516.0274047851562,515.8300170898438,515.844970703125,9904
488,2024-08-27 13:25:00,515.8900146484375,516.35498046875,515.875,516.3043823242188,18449
489,2024-08-27 13:30:00,516.5,516.52001953125,516.219970703125,516.2996826171875,20234
490,2024-08-27 13:35:00,516.3541870117188,516.4749755859375,516.2000122070312,516.3049926757812,9514
491,2024-08-27 13:40:00,516.2686767578125,516.4099731445312,515.969970703125,516.2899780273438,18465
492,2024-08-27 13:45:00,516.3189697265625,516.34619140625,516.1849975585938,516.3099975585938,24700
493,2024-08-27 13:50:00,516.3499755859375,516.5700073242188,516.3499755859375,516.5449829101562,15966
494,2024-08-27 13:55:00,516.530029296875,516.530029296875,516.4000244140625,516.52001953125,11931
495,2024-08-27 14:00:00,516.4650268554688,516.5549926757812,516.3599853515625,516.4450073242188,26975
496,2024-08-27 14:05:00,516.4500122070312,516.5599975585938,516.4299926757812,516.469970703125,14171
497,2024-08-27 14:10:00,516.4099731445312,516.496826171875,516.2999877929688,516.4299926757812,16268
498,2024-08-27 14:15:00,516.510009765625,516.5399780273438,516.2413940429688,516.4000244140625,26538
499,2024-08-27 14:20:00,516.35498046875,516.3900146484375,516.1599731445312,516.1799926757812,10544
500,2024-08-27 14:25:00,516.1314697265625,516.3699951171875,516.1300048828125,516.307373046875,12149
501,2024-08-27 14:30:00,516.2849731445312,516.39892578125,516.1099853515625,516.2150268554688,10963
502,2024-08-27 14:35:00,516.3049926757812,516.3295288085938,516.2225952148438,516.2570190429688,8046
503,2024-08-27 14:40:00,516.2449951171875,516.405029296875,516.2100219726562,516.3900146484375,12369
504,2024-08-27 14:45:00,516.3499755859375,516.3800048828125,516.2000122070312,516.2349853515625,11461
505,2024-08-27 14:50:00,516.2020263671875,516.3001098632812,515.9400024414062,516.155029296875,17704
506,2024-08-27 14:55:00,516.1594848632812,516.2225952148438,516.02001953125,516.1755981445312,16224
507,2024-08-27 15:00:00,516.1300048828125,516.2291259765625,515.760009765625,515.844970703125,17008
508,2024-08-27 15:05:00,515.8699951171875,516.1300048828125,515.77001953125,516.0549926757812,19147
509,2024-08-27 15:10:00,516.0399780273438,516.2000122070312,516.0399780273438,516.0599975585938,19933
510,2024-08-27 15:15:00,516.0549926757812,516.135009765625,516.0098876953125,516.0499877929688,69963
511,2024-08-27 15:20:00,516.010009765625,516.0999755859375,515.989990234375,516.0759887695312,20402
512,2024-08-27 15:25:00,516.0750122070312,516.28369140625,516.017822265625,516.0980224609375,22882
513,2024-08-27 15:30:00,516.0850219726562,516.1099853515625,515.8699951171875,515.9500122070312,32442
514,2024-08-27 15:35:00,515.9199829101562,516.1400146484375,515.9099731445312,516.02001953125,54977
515,2024-08-27 15:40:00,516.0006713867188,516.1851196289062,515.9600219726562,516.0750122070312,25908
516,2024-08-27 15:45:00,516.0216064453125,516.3699951171875,516.0216064453125,516.3391723632812,28523
517,2024-08-27 15:50:00,516.27001953125,516.27001953125,515.7890014648438,515.9000244140625,59205
518,2024-08-27 15:55:00,515.8800048828125,516.4099731445312,515.8800048828125,516.1099853515625,313723
519,2024-08-27 16:00:00,516.11,516.36,515.78,516.36,0
520,2024-08-27 16:05:00,516.36,516.4,516.1657,516.2,0
521,2024-08-27 16:10:00,516.2394,516.27,516.15,516.18,0
522,2024-08-27 16:15:00,516.17,516.21,515.6251,516.185,0
523,2024-08-27 16:20:00,516.185,516.26,516.16,516.245,0
524,2024-08-27 16:25:00,516.2,516.25,516.2,516.215,0
525,2024-08-27 16:30:00,516.215,516.26,516.17,516.1992,0
526,2024-08-27 16:35:00,516.185,516.2,516.09,516.13,0
527,2024-08-27 16:40:00,516.1488,516.16,516.05,516.14,0
528,2024-08-27 16:45:00,516.08,516.09,515.91,515.99,0
529,2024-08-27 16:50:00,515.99,516.08,515.99,516.055,0
530,2024-08-27 16:55:00,516.01,516.06,515.945,516.04,0
531,2024-08-27 17:00:00,516.39,516.6,516.0,516.24,0
532,2024-08-27 17:05:00,516.24,516.24,516.0,516.06,0
533,2024-08-27 17:10:00,516.12,516.4,515.75,516.075,0
534,2024-08-27 17:15:00,516.075,516.4,515.75,516.15,0
535,2024-08-27 17:20:00,516.15,516.6,515.75,516.2,0
536,2024-08-27 17:25:00,516.2,516.6,516.05,516.05,0
537,2024-08-27 17:30:00,515.75,516.78,515.75,516.265,0
538,2024-08-27 17:35:00,515.75,516.78,515.75,516.78,0
539,2024-08-27 17:40:00,516.09,516.78,515.75,516.005,0
540,2024-08-27 17:45:00,516.25,516.25,515.75,515.75,0
541,2024-08-27 17:50:00,516.175,516.6,515.75,516.175,0
542,2024-08-27 17:55:00,516.175,516.6,515.75,516.15,0
543,2024-08-27 18:00:00,516.1,516.27,516.06,516.15,0
544,2024-08-27 18:05:00,516.25,516.27,516.02,516.065,0
545,2024-08-27 18:10:00,516.035,516.035,515.52,515.655,0
546,2024-08-27 18:15:00,515.665,515.695,515.16,515.24,0
547,2024-08-27 18:20:00,515.2,515.341,515.1,515.341,0
548,2024-08-27 18:25:00,515.46,515.51,515.4,515.465,0
549,2024-08-27 18:30:00,515.45,515.484,515.32,515.365,0
550,2024-08-27 18:35:00,515.365,515.479,515.2317,515.42,0
551,2024-08-27 18:40:00,515.425,515.47,515.35,515.391,0
552,2024-08-27 18:45:00,515.435,515.574,515.37,515.37,0
553,2024-08-27 18:50:00,515.37,515.48,515.32,515.349,0
554,2024-08-27 18:55:00,515.35,515.4596,515.35,515.4585,0
555,2024-08-27 19:00:00,515.36,515.469,515.34,515.405,0
556,2024-08-27 19:05:00,515.405,515.67,515.38,515.59,0
557,2024-08-27 19:10:00,515.6,515.635,515.5417,515.58,0
558,2024-08-27 19:15:00,515.59,515.595,515.33,515.435,0
559,2024-08-27 19:20:00,515.435,515.45,515.16,515.218,0
560,2024-08-27 19:25:00,515.179,515.2,514.95,515.18,0
561,2024-08-27 19:30:00,515.16,515.35,515.13,515.315,0
562,2024-08-27 19:35:00,515.325,515.37,515.255,515.255,0
563,2024-08-27 19:40:00,515.25,515.36,515.226,515.285,0
564,2024-08-27 19:45:00,515.28,515.35,515.26,515.31,0
565,2024-08-27 19:50:00,515.35,515.46,515.345,515.4396,0
566,2024-08-27 19:55:00,515.439,515.48,515.3215,515.375,0
567,2024-08-28 04:00:00,516.25,516.35,515.59,516.32,0
568,2024-08-28 04:05:00,516.34,516.35,516.17,516.17,0
569,2024-08-28 04:10:00,516.16,516.16,516.0,516.15,0
570,2024-08-28 04:15:00,516.19,516.26,516.13,516.26,0
571,2024-08-28 04:20:00,516.21,516.33,516.21,516.27,0
572,2024-08-28 04:25:00,516.26,516.35,516.23,516.35,0
573,2024-08-28 04:30:00,516.4,516.45,516.38,516.45,0
574,2024-08-28 04:35:00,516.5,516.55,516.5,516.55,0
575,2024-08-28 04:40:00,516.64,516.72,516.64,516.72,0
576,2024-08-28 04:45:00,516.7,516.71,516.7,516.71,0
577,2024-08-28 04:50:00,516.73,516.73,516.67,516.67,0
578,2024-08-28 04:55:00,516.74,516.74,516.66,516.66,0
579,2024-08-28 05:00:00,516.75,516.83,516.74,516.77,0
580,2024-08-28 05:05:00,516.71,516.76,516.71,516.74,0
581,2024-08-28 05:10:00,516.73,516.73,516.65,516.66,0
582,2024-08-28 05:15:00,516.63,516.63,516.53,516.53,0
583,2024-08-28 05:20:00,516.67,516.7,516.66,516.7,0
584,2024-08-28 05:25:00,516.71,516.79,516.71,516.79,0
585,2024-08-28 05:30:00,516.79,516.79,516.63,516.65,0
586,2024-08-28 05:35:00,516.67,516.67,516.56,516.56,0
587,2024-08-28 05:40:00,516.55,516.6,516.5,516.5,0
588,2024-08-28 05:45:00,516.54,516.58,516.54,516.54,0
589,2024-08-28 05:50:00,516.54,516.58,516.49,516.54,0
590,2024-08-28 05:55:00,516.54,516.64,516.54,516.62,0
591,2024-08-28 06:00:00,516.63,516.64,516.57,516.64,0
592,2024-08-28 06:05:00,516.64,516.64,516.59,516.62,0
593,2024-08-28 06:10:00,516.62,516.62,516.5,516.5,0
594,2024-08-28 06:15:00,516.54,516.59,516.54,516.59,0
595,2024-08-28 06:20:00,516.56,516.61,516.56,516.56,0
596,2024-08-28 06:25:00,516.56,516.6,516.56,516.56,0
597,2024-08-28 06:30:00,516.53,516.6,516.5,516.53,0
598,2024-08-28 06:35:00,516.5,516.54,516.43,516.43,0
599,2024-08-28 06:40:00,516.4,516.45,516.39,516.41,0
600,2024-08-28 06:45:00,516.51,516.56,516.5,516.51,0
601,2024-08-28 06:50:00,516.51,516.56,516.41,516.45,0
602,2024-08-28 06:55:00,516.38,516.45,516.38,516.45,0
603,2024-08-28 07:00:00,516.37,516.43,516.26,516.3,0
604,2024-08-28 07:05:00,516.26,516.32,516.19,516.32,0
605,2024-08-28 07:10:00,516.25,516.27,516.25,516.27,0
606,2024-08-28 07:15:00,516.27,516.3,516.23,516.23,0
607,2024-08-28 07:20:00,516.3,516.38,516.3,516.38,0
608,2024-08-28 07:25:00,516.271,516.32,516.19,516.24,0
609,2024-08-28 07:30:00,516.24,516.25,516.2,516.2,0
610,2024-08-28 07:35:00,516.17,516.23,516.16,516.21,0
611,2024-08-28 07:40:00,516.26,516.26,516.19,516.19,0
612,2024-08-28 07:45:00,516.24,516.24,516.06,516.06,0
613,2024-08-28 07:50:00,516.03,516.03,515.9,515.949,0
614,2024-08-28 07:55:00,515.9,515.914,515.64,515.73,0
615,2024-08-28 08:00:00,516.4,516.7288,515.08,515.79,0
616,2024-08-28 08:05:00,515.75,515.804,515.5917,515.5917,0
617,2024-08-28 08:10:00,515.62,515.63,515.52,515.57,0
618,2024-08-28 08:15:00,515.56,515.88,515.56,515.8,0
619,2024-08-28 08:20:00,515.82,515.87,515.73,515.81,0
620,2024-08-28 08:25:00,515.8,515.93,515.77,515.9,0
621,2024-08-28 08:30:00,515.91,515.99,515.85,515.99,0
622,2024-08-28 08:35:00,516.01,516.05,515.88,515.979,0
623,2024-08-28 08:40:00,515.945,516.04,515.91,515.96,0
624,2024-08-28 08:45:00,515.96,516.08,515.86,515.875,0
625,2024-08-28 08:50:00,515.88,516.01,515.82,515.975,0
626,2024-08-28 08:55:00,515.985,516.14,515.96,516.09,0
627,2024-08-28 09:00:00,516.015,516.16,515.98,516.12,0
628,2024-08-28 09:05:00,516.12,516.14,515.7907,516.03,0
629,2024-08-28 09:10:00,516.005,516.0192,515.68,515.77,0
630,2024-08-28 09:30:00,515.7999877929688,516.22998046875,515.6900024414062,515.7449951171875,212538
631,2024-08-28 09:35:00,515.6550903320312,515.7999877929688,515.3200073242188,515.489990234375,37949
632,2024-08-28 09:40:00,515.5900268554688,516.0424194335938,515.489990234375,515.6400146484375,66169
633,2024-08-28 09:45:00,515.530029296875,515.6699829101562,515.280029296875,515.405029296875,36242
634,2024-08-28 09:50:00,515.4000244140625,515.889892578125,515.3800048828125,515.8499755859375,29466
635,2024-08-28 09:55:00,515.760009765625,515.919677734375,515.6599731445312,515.6900024414062,24705
636,2024-08-28 10:00:00,515.6500244140625,515.669921875,515.22998046875,515.530029296875,28113
637,2024-08-28 10:05:00,515.4500122070312,515.7899780273438,515.1300048828125,515.6400146484375,31590
638,2024-08-28 10:10:00,515.6300048828125,515.7000122070312,515.3900146484375,515.4299926757812,33056
639,2024-08-28 10:15:00,515.4249877929688,515.719970703125,515.392822265625,515.7077026367188,25569
640,2024-08-28 10:20:00,515.5999755859375,515.760009765625,515.3099975585938,515.6500854492188,33767
641,2024-08-28 10:25:00,515.5999755859375,515.8800048828125,515.5999755859375,515.682373046875,26214
642,2024-08-28 10:30:00,515.7000122070312,515.9000244140625,515.489990234375,515.510009765625,23522
643,2024-08-28 10:35:00,515.4801025390625,515.8099975585938,515.3699951171875,515.6300048828125,20206
644,2024-08-28 10:40:00,515.6500244140625,515.6599731445312,514.77001953125,514.9299926757812,55974
645,2024-08-28 10:45:00,514.8499755859375,514.989990234375,514.280029296875,514.4849853515625,82971
646,2024-08-28 10:50:00,514.5551147460938,514.8800048828125,514.357177734375,514.840576171875,24308
647,2024-08-28 10:55:00,514.8800048828125,514.8800048828125,514.3900146484375,514.3900146484375,19965
648,2024-08-28 11:00:00,514.3599853515625,514.3599853515625,513.7100219726562,514.0499877929688,209605
649,2024-08-28 11:05:00,514.0172729492188,514.3599853515625,514.0172729492188,514.280029296875,21749
650,2024-08-28 11:10:00,514.22802734375,514.22802734375,513.0,513.1300048828125,57708
651,2024-08-28 11:15:00,513.0800170898438,513.2999877929688,512.5999755859375,512.7000122070312,37200
652,2024-08-28 11:20:00,512.7100219726562,512.9199829101562,512.6456909179688,512.719970703125,25754
653,2024-08-28 11:25:00,512.7550048828125,513.1500244140625,512.7100219726562,513.1300048828125,30472
654,2024-08-28 11:30:00,513.0599975585938,513.0599975585938,512.5999755859375,512.8419799804688,21927
655,2024-08-28 11:35:00,512.8699951171875,513.239990234375,512.8400268554688,513.1199951171875,29005
656,2024-08-28 11:40:00,513.1099853515625,513.114990234375,512.6799926757812,512.85498046875,21632
657,2024-08-28 11:45:00,512.8582153320312,513.0499877929688,512.72998046875,512.8400268554688,16320
658,2024-08-28 11:50:00,512.8400268554688,513.22998046875,512.7999877929688,513.1799926757812,190433
659,2024-08-28 11:55:00,513.2000122070312,513.3800048828125,512.9456176757812,513.3049926757812,25953
660,2024-08-28 12:00:00,513.2200927734375,513.4500122070312,513.1351928710938,513.260009765625,32286
661,2024-08-28 12:05:00,513.260009765625,513.2650146484375,512.8499755859375,513.0440063476562,19947
662,2024-08-28 12:10:00,512.989990234375,513.094970703125,512.760009765625,513.0499877929688,28562
663,2024-08-28 12:15:00,513.0,513.0380249023438,512.3099975585938,512.85498046875,38402
664,2024-08-28 12:20:00,512.7999877929688,512.8300170898438,511.8500061035156,512.1300048828125,42707
665,2024-08-28 12:25:00,512.1300048828125,512.469970703125,512.0999755859375,512.4099731445312,27843
666,2024-08-28 12:30:00,512.3900146484375,512.9500122070312,512.280029296875,512.75,20388
667,2024-08-28 12:35:00,512.7100219726562,512.9299926757812,512.6300048828125,512.8297119140625,15677
668,2024-08-28 12:40:00,512.9099731445312,513.0499267578125,512.7203979492188,512.9949951171875,18977
669,2024-08-28 12:45:00,512.9805908203125,512.9990234375,512.8350219726562,512.8699951171875,15272
670,2024-08-28 12:50:00,513.094970703125,513.2999877929688,512.8900146484375,513.1799926757812,22668
671,2024-08-28 12:55:00,513.3400268554688,513.469970703125,513.3099975585938,513.3800048828125,79603
672,2024-08-28 13:00:00,513.3900146484375,513.6799926757812,513.2899780273438,513.4400024414062,25225
673,2024-08-28 13:05:00,513.4199829101562,513.5499877929688,513.3300170898438,513.468994140625,13925
674,2024-08-28 13:10:00,513.4199829101562,513.4749755859375,512.5999755859375,512.5999755859375,20378
675,2024-08-28 13:15:00,512.6599731445312,512.8690795898438,512.5900268554688,512.6801147460938,32337
676,2024-08-28 13:20:00,512.6900024414062,512.7899780273438,512.5900268554688,512.64501953125,15788
677,2024-08-28 13:25:00,512.5599975585938,512.82568359375,512.5599975585938,512.82568359375,23706
678,2024-08-28 13:30:00,512.7999877929688,513.1199951171875,512.7650146484375,513.0900268554688,34680
679,2024-08-28 13:35:00,513.1099853515625,513.1099853515625,512.75,512.75,16429
680,2024-08-28 13:40:00,512.69970703125,512.8099975585938,512.3519897460938,512.3547973632812,22866
681,2024-08-28 13:45:00,512.5015869140625,512.510009765625,511.9599914550781,512.0599975585938,21244
682,2024-08-28 13:50:00,512.0700073242188,512.1599731445312,511.4140930175781,511.42999267578125,29253
683,2024-08-28 13:55:00,511.46099853515625,511.4849853515625,510.30999755859375,510.3699951171875,78141
684,2024-08-28 14:00:00,510.44000244140625,510.55999755859375,510.1600036621094,510.3900146484375,73039
685,2024-08-28 14:05:00,510.3399963378906,511.19000244140625,510.3299865722656,511.1300048828125,53608
686,2024-08-28 14:10:00,511.1099853515625,511.19000244140625,510.8500061035156,510.95001220703125,34796
687,2024-08-28 14:15:00,510.94000244140625,511.0212097167969,510.7699890136719,510.864990234375,25213
688,2024-08-28 14:20:00,510.8999938964844,511.1600036621094,510.8999938964844,510.9599914550781,56634
689,2024-08-28 14:25:00,510.8500061035156,511.0,510.6199951171875,510.7799987792969,32485
690,2024-08-28 14:30:00,510.7300109863281,510.9399108886719,510.6199951171875,510.79998779296875,38597
691,2024-08-28 14:35:00,510.760009765625,510.95001220703125,510.69000244140625,510.95001220703125,32907
692,2024-08-28 14:40:00,510.9700012207031,511.1300048828125,510.7099914550781,510.7799987792969,29641
693,2024-08-28 14:45:00,510.82000732421875,510.8599853515625,510.6000061035156,510.75,25491
694,2024-08-28 14:50:00,510.7300109863281,512.1400146484375,510.7200012207031,512.010009765625,36041
695,2024-08-28 14:55:00,512.0800170898438,512.9699096679688,511.99798583984375,512.9500122070312,32796
696,2024-08-28 15:00:00,512.9600219726562,513.5800170898438,512.9000244140625,513.3699951171875,44481
697,2024-08-28 15:05:00,513.2999877929688,513.2999877929688,512.3499755859375,512.52001953125,45194
698,2024-08-28 15:10:00,512.5900268554688,512.697998046875,512.1099853515625,512.3800048828125,35441
699,2024-08-28 15:15:00,512.4000244140625,512.77001953125,512.4000244140625,512.739990234375,28677
700,2024-08-28 15:20:00,512.7999877929688,513.0050048828125,512.5999755859375,512.8200073242188,32931
701,2024-08-28 15:25:00,512.9199829101562,513.3599853515625,512.9199829101562,513.3599853515625,35389
702,2024-08-28 15:30:00,513.3300170898438,513.5999755859375,513.1951293945312,513.2698974609375,25596
703,2024-08-28 15:35:00,513.2449951171875,513.2999877929688,512.9600219726562,513.0,23864
704,2024-08-28 15:40:00,513.0499877929688,513.3800048828125,513.0449829101562,513.3599853515625,72970
705,2024-08-28 15:45:00,513.3599853515625,513.77001953125,513.114990234375,513.3900146484375,88099
706,2024-08-28 15:50:00,513.4000244140625,514.0900268554688,513.2150268554688,513.7100219726562,153395
707,2024-08-28 15:55:00,513.77001953125,513.7999877929688,512.9500122070312,513.1599731445312,329951
708,2024-08-28 16:00:00,512.83,513.2679,512.16,512.77,0
709,2024-08-28 16:05:00,512.67,513.2499,512.5,512.545,0
710,2024-08-28 16:10:00,512.6084,512.82,512.5,512.7,0
711,2024-08-28 16:15:00,513.13,513.24,512.695,513.24,0
712,2024-08-28 16:20:00,513.14,514.0,510.52,510.65,0
713,2024-08-28 16:25:00,510.62,512.76,509.97,511.31,0
714,2024-08-28 16:30:00,511.4,512.02,510.855,511.95,0
715,2024-08-28 16:35:00,511.91,512.43,511.58,512.43,0
716,2024-08-28 16:40:00,512.425,512.825,511.67,511.95,0
717,2024-08-28 16:45:00,511.91,512.02,511.35,511.44,0
718,2024-08-28 16:50:00,511.3,511.62,511.21,511.35,0
719,2024-08-28 16:55:00,511.25,511.89,511.185,511.89,0
720,2024-08-28 17:00:00,511.89,513.13,510.9012,511.69,0
721,2024-08-28 17:05:00,511.7996,511.8788,511.0,511.335,0
722,2024-08-28 17:10:00,511.335,511.75,510.8,511.06,0
723,2024-08-28 17:15:00,511.0,511.5,510.8,510.97,0
724,2024-08-28 17:20:00,510.96,511.13,510.78,510.955,0
725,2024-08-28 17:25:00,511.1,511.51,510.78,511.335,0
726,2024-08-28 17:30:00,511.89,511.89,510.85,511.245,0
727,2024-08-28 17:35:00,511.245,511.89,510.6,510.8755,0
728,2024-08-28 17:40:00,511.195,511.69,510.6,511.0,0
729,2024-08-28 17:45:00,511.2288,511.23,510.4,510.939,0
730,2024-08-28 17:50:00,510.66,510.89,510.0,510.525,0
731,2024-08-28 17:55:00,510.525,511.0,510.0,510.2,0
732,2024-08-28 18:00:00,510.06,510.66,509.9,510.66,0
733,2024-08-28 18:05:00,510.6,510.96,510.29,510.29,0
734,2024-08-28 18:10:00,510.275,510.55,509.91,510.55,0
735,2024-08-28 18:15:00,510.54,510.65,510.17,510.17,0
736,2024-08-28 18:20:00,510.19,510.41,510.02,510.18,0
737,2024-08-28 18:25:00,510.11,510.34,510.0417,510.305,0
738,2024-08-28 18:30:00,510.34,510.5,509.96,510.0,0
739,2024-08-28 18:35:00,510.04,510.27,509.99,510.045,0
740,2024-08-28 18:40:00,510.01,510.09,508.9435,509.22,0
741,2024-08-28 18:45:00,509.205,509.36,508.65,509.295,0
742,2024-08-28 18:50:00,509.325,509.55,509.181,509.325,0
743,2024-08-28 18:55:00,509.39,509.425,509.23,509.425,0
744,2024-08-28 19:00:00,509.355,509.52,509.27,509.34,0
745,2024-08-28 19:05:00,509.38,509.66,509.34,509.66,0
746,2024-08-28 19:10:00,509.585,509.74,509.585,509.64,0
747,2024-08-28 19:15:00,509.64,509.67,509.495,509.495,0
748,2024-08-28 19:20:00,509.51,509.57,509.26,509.3,0
749,2024-08-28 19:25:00,509.3,509.4,509.19,509.33,0
750,2024-08-28 19:30:00,509.3,509.52,509.27,509.51,0
751,2024-08-28 19:35:00,509.51,509.5397,509.371,509.44,0
752,2024-08-28 19:40:00,509.41,509.56,509.35,509.56,0
753,2024-08-28 19:45:00,509.56,509.74,509.56,509.71,0
754,2024-08-28 19:50:00,509.7,509.71,509.575,509.59,0
755,2024-08-28 19:55:00,509.625,509.69,509.53,509.6,0
756,2024-08-29 04:00:00,512.06,513.13,511.67,512.96,0
757,2024-08-29 04:05:00,513.01,513.14,512.86,512.91,0
758,2024-08-29 04:10:00,512.91,513.23,512.91,513.23,0
759,2024-08-29 04:15:00,513.48,513.5,513.37,513.46,0
760,2024-08-29 04:20:00,513.47,513.47,512.8,512.82,0
761,2024-08-29 04:25:00,512.84,512.95,512.8,512.95,0
762,2024-08-29 04:30:00,512.95,513.23,512.95,513.04,0
763,2024-08-29 04:35:00,513.04,513.23,513.0,513.23,0
764,2024-08-29 04:40:00,513.16,513.43,513.12,513.43,0
765,2024-08-29 04:45:00,513.32,513.35,513.19,513.19,0
766,2024-08-29 04:50:00,513.19,513.27,513.17,513.17,0
767,2024-08-29 04:55:00,513.15,513.53,513.15,513.49,0
768,2024-08-29 05:00:00,513.49,513.63,513.41,513.63,0
769,2024-08-29 05:05:00,513.57,513.78,513.57,513.7,0
770,2024-08-29 05:10:00,513.76,513.81,513.72,513.81,0
771,2024-08-29 05:15:00,513.83,513.88,513.83,513.84,0
772,2024-08-29 05:20:00,513.84,514.04,513.83,513.97,0
773,2024-08-29 05:25:00,514.04,514.18,514.04,514.18,0
774,2024-08-29 05:30:00,514.18,514.18,513.9,514.0,0
775,2024-08-29 05:35:00,513.98,514.21,513.98,514.21,0
776,2024-08-29 05:40:00,514.32,514.61,514.32,514.53,0
777,2024-08-29 05:45:00,514.54,514.69,514.51,514.61,0
778,2024-08-29 05:50:00,514.61,514.71,514.56,514.59,0
779,2024-08-29 05:55:00,514.56,514.61,514.5,514.55,0
780,2024-08-29 06:00:00,514.66,514.76,514.66,514.72,0
781,2024-08-29 06:05:00,514.72,514.89,514.59,514.86,0
782,2024-08-29 06:10:00,514.8,514.8,514.62,514.62,0
783,2024-08-29 06:15:00,514.62,514.62,514.35,514.35,0
784,2024-08-29 06:20:00,514.38,514.44,514.3,514.3,0
785,2024-08-29 06:25:00,514.4,514.4,514.26,514.26,0
786,2024-08-29 06:30:00,514.28,514.32,514.08,514.08,0
787,2024-08-29 06:35:00,514.08,514.23,513.95,513.98,0
788,2024-08-29 06:40:00,513.83,514.07,513.8,514.07,0
789,2024-08-29 06:45:00,514.16,514.32,514.16,514.26,0
790,2024-08-29 06:50:00,514.32,514.32,514.19,514.3,0
791,2024-08-29 06:55:00,514.3,514.3,514.04,514.05,0
792,2024-08-29 07:00:00,514.04,514.1,513.65,513.68,0
793,2024-08-29 07:05:00,513.71,513.94,513.7,513.89,0
794,2024-08-29 07:10:00,513.99,514.15,513.91,514.04,0
795,2024-08-29 07:15:00,514.2,514.2,514.16,514.2,0
796,2024-08-29 07:20:00,514.2,514.28,513.99,513.99,0
797,2024-08-29 07:25:00,513.99,514.05,513.98,513.98,0
798,2024-08-29 07:30:00,513.956,514.27,513.956,514.11,0
799,2024-08-29 07:35:00,514.11,514.54,513.931,514.43,0
800,2024-08-29 07:40:00,514.4,514.56,514.3,514.49,0
801,2024-08-29 07:45:00,514.54,514.87,514.5,514.87,0
802,2024-08-29 07:50:00,514.86,514.86,514.6,514.62,0
803,2024-08-29 07:55:00,514.63,514.63,514.44,514.5,0
804,2024-08-29 08:00:00,513.73,514.92,511.26,514.48,0
805,2024-08-29 08:05:00,514.445,514.5,514.19,514.5,0
806,2024-08-29 08:10:00,514.42,514.49,514.23,514.33,0
807,2024-08-29 08:15:00,514.27,514.5,514.2,514.42,0
808,2024-08-29 08:20:00,514.455,514.54,514.26,514.525,0
809,2024-08-29 08:25:00,514.53,514.98,514.38,514.59,0
810,2024-08-29 08:30:00,514.75,515.43,514.63,514.945,0
811,2024-08-29 08:35:00,514.975,515.0,514.46,514.73,0
812,2024-08-29 08:40:00,514.68,514.68,512.97,514.32,0
813,2024-08-29 08:45:00,514.36,515.8,513.13,514.69,0
814,2024-08-29 08:50:00,514.685,514.91,514.62,514.91,0
815,2024-08-29 08:55:00,514.9,514.91,514.42,514.56,0
816,2024-08-29 09:00:00,514.49,514.725,514.49,514.57,0
817,2024-08-29 09:05:00,514.54,514.67,514.46,514.57,0
818,2024-08-29 09:10:00,514.55,514.88,514.53,514.835,0
819,2024-08-29 09:30:00,514.989990234375,515.4299926757812,514.5,515.4299926757812,226967
820,2024-08-29 09:35:00,515.4400024414062,515.6500244140625,514.780029296875,514.8980102539062,62322
821,2024-08-29 09:40:00,514.989990234375,515.265380859375,514.3699951171875,514.4000244140625,65233
822,2024-08-29 09:45:00,514.5800170898438,515.3424072265625,514.4000244140625,515.280029296875,54533
823,2024-08-29 09:50:00,515.1900024414062,515.2000122070312,514.18798828125,514.8099975585938,47536
824,2024-08-29 09:55:00,514.7899780273438,515.8699951171875,514.6900024414062,515.72998046875,67891
825,2024-08-29 10:00:00,515.7999877929688,516.4000244140625,515.6199951171875,515.8900146484375,63882
826,2024-08-29 10:05:00,515.969970703125,516.0903930664062,515.3599853515625,515.3699951171875,30872
827,2024-08-29 10:10:00,515.4299926757812,516.0,515.4099731445312,515.7999877929688,41844
828,2024-08-29 10:15:00,515.760009765625,516.0599975585938,514.8499755859375,515.3300170898438,61251
829,2024-08-29 10:20:00,515.3699951171875,516.0,515.1599731445312,515.8800048828125,40075
830,2024-08-29 10:25:00,515.8767700195312,516.5,515.8300170898438,516.260009765625,71096
831,2024-08-29 10:30:00,516.280029296875,516.7999877929688,516.280029296875,516.3599853515625,43487
832,2024-08-29 10:35:00,516.4099731445312,516.760009765625,516.239990234375,516.6099853515625,35930
833,2024-08-29 10:40:00,516.8599853515625,516.9500122070312,516.2899780273438,516.72998046875,33033
834,2024-08-29 10:45:00,516.739990234375,517.1199951171875,516.5850219726562,517.1199951171875,34262
835,2024-08-29 10:50:00,517.239990234375,517.2899780273438,517.0316772460938,517.110107421875,24865
836,2024-08-29 10:55:00,517.1300048828125,517.1300048828125,516.4193725585938,516.6099853515625,36943
837,2024-08-29 11:00:00,516.635009765625,516.9500732421875,516.635009765625,516.7000122070312,20102
838,2024-08-29 11:05:00,516.8367919921875,516.9465942382812,516.6848754882812,516.88623046875,34243
839,2024-08-29 11:10:00,516.9099731445312,517.364990234375,516.8499755859375,517.3300170898438,22949
840,2024-08-29 11:15:00,517.3400268554688,517.5623779296875,516.6500244140625,516.6500244140625,34840
841,2024-08-29 11:20:00,516.7100219726562,516.77001953125,516.0900268554688,516.4349975585938,22818
842,2024-08-29 11:25:00,516.5999755859375,516.7366943359375,516.4299926757812,516.6699829101562,20151
843,2024-08-29 11:30:00,516.6300048828125,517.0399780273438,516.6300048828125,516.719970703125,27119
844,2024-08-29 11:35:00,516.6699829101562,517.0,516.5,516.9199829101562,186744
845,2024-08-29 11:40:00,516.8200073242188,516.9500122070312,516.5,516.5599975585938,17415
846,2024-08-29 11:45:00,516.60009765625,516.9000244140625,516.5399780273438,516.9000244140625,17461
847,2024-08-29 11:50:00,516.8150024414062,516.8400268554688,516.635009765625,516.8270263671875,13772
848,2024-08-29 11:55:00,516.780029296875,517.0150146484375,516.6900024414062,517.0,27723
849,2024-08-29 12:00:00,516.989990234375,517.5,516.989990234375,517.364990234375,29842
850,2024-08-29 12:05:00,517.3599853515625,517.7999877929688,517.3599853515625,517.7349853515625,20320
851,2024-08-29 12:10:00,517.5198974609375,517.9099731445312,517.5050048828125,517.8250122070312,23320
852,2024-08-29 12:15:00,517.8150024414062,517.9600219726562,517.25,517.4027709960938,42891
853,2024-08-29 12:20:00,517.4299926757812,517.8699951171875,517.39501953125,517.8679809570312,123681
854,2024-08-29 12:25:00,517.8040161132812,517.8200073242188,517.530029296875,517.7327270507812,9298
855,2024-08-29 12:30:00,517.7236938476562,517.9000244140625,517.7100219726562,517.885009765625,12460
856,2024-08-29 12:35:00,517.8800048828125,517.919921875,517.6900024414062,517.7949829101562,27564
857,2024-08-29 12:40:00,517.8300170898438,518.0189819335938,517.77001953125,517.9000244140625,28347
858,2024-08-29 12:45:00,517.9531860351562,518.0900268554688,517.6699829101562,517.6699829101562,15959
859,2024-08-29 12:50:00,517.6599731445312,517.760009765625,517.1799926757812,517.3099975585938,26965
860,2024-08-29 12:55:00,517.4299926757812,517.6300048828125,517.3200073242188,517.6099853515625,17368
861,2024-08-29 13:00:00,517.5,517.5,517.1500244140625,517.4299926757812,15126
862,2024-08-29 13:05:00,517.4199829101562,517.4801025390625,517.0833740234375,517.1099853515625,14782
863,2024-08-29 13:10:00,517.0900268554688,517.169921875,516.6799926757812,517.0098876953125,29273
864,2024-08-29 13:15:00,516.97998046875,517.02001953125,516.8499755859375,516.969970703125,11600
865,2024-08-29 13:20:00,516.989990234375,517.1195068359375,516.9533081054688,516.9533081054688,14295
866,2024-08-29 13:25:00,517.030029296875,517.2000122070312,516.8900146484375,516.9849853515625,12729
867,2024-08-29 13:30:00,516.9801025390625,517.1500244140625,516.9099731445312,516.97998046875,15155
868,2024-08-29 13:35:00,516.97998046875,517.125,516.8200073242188,516.8900146484375,11919
869,2024-08-29 13:40:00,516.780029296875,517.1799926757812,516.7000122070312,517.0900268554688,24792
870,2024-08-29 13:45:00,517.0689697265625,517.0798950195312,516.52001953125,516.7100830078125,25882
871,2024-08-29 13:50:00,516.6599731445312,517.1799926757812,516.6599731445312,517.1500244140625,26399
872,2024-08-29 13:55:00,517.1300048828125,517.3250122070312,517.0850219726562,517.3250122070312,18271
873,2024-08-29 14:00:00,517.264404296875,517.264404296875,516.4600219726562,516.8574829101562,33458
874,2024-08-29 14:05:00,516.8599853515625,516.8599853515625,516.5999755859375,516.719970703125,17571
875,2024-08-29 14:10:00,516.6900024414062,516.7000122070312,516.4299926757812,516.5800170898438,44592
876,2024-08-29 14:15:00,516.5700073242188,516.5700073242188,516.3499755859375,516.3800048828125,19814
877,2024-08-29 14:20:00,516.3399047851562,516.5380859375,516.27001953125,516.5,24287
878,2024-08-29 14:25:00,516.489990234375,516.5612182617188,515.110107421875,515.2899780273438,77089
879,2024-08-29 14:30:00,515.135009765625,515.135009765625,514.510009765625,514.6500244140625,73421
880,2024-08-29 14:35:00,514.4400024414062,514.6630249023438,513.1199951171875,513.3327026367188,73015
881,2024-08-29 14:40:00,513.3300170898438,513.8099975585938,512.52001953125,513.0108032226562,49669
882,2024-08-29 14:45:00,512.989990234375,513.3099975585938,512.1300048828125,513.1599731445312,41805
883,2024-08-29 14:50:00,513.1900024414062,513.5399780273438,512.239990234375,513.4600219726562,29546
884,2024-08-29 14:55:00,513.47998046875,513.77001953125,512.9298706054688,513.3049926757812,33217
885,2024-08-29 15:00:00,513.25,513.3215942382812,512.6900024414062,512.8900146484375,33410
886,2024-08-29 15:05:00,512.9354858398438,513.4199829101562,512.8399047851562,513.0650024414062,31458
887,2024-08-29 15:10:00,513.0499267578125,513.27001953125,512.5,512.85498046875,36963
888,2024-08-29 15:15:00,512.9400024414062,513.8800048828125,512.8599853515625,513.3400268554688,38150
889,2024-08-29 15:20:00,513.3599853515625,513.5499877929688,513.010009765625,513.5499877929688,140170
890,2024-08-29 15:25:00,513.6599731445312,514.3200073242188,513.5076904296875,513.9099731445312,58174
891,2024-08-29 15:30:00,513.8699951171875,514.1500244140625,513.6599731445312,513.844970703125,56233
892,2024-08-29 15:35:00,513.7750244140625,514.6699829101562,513.6599731445312,514.1749877929688,38271
893,2024-08-29 15:40:00,514.1900024414062,514.260009765625,513.2999877929688,513.2999877929688,30236
894,2024-08-29 15:45:00,513.4299926757812,513.7689819335938,512.9500122070312,513.0599975585938,35211
895,2024-08-29 15:50:00,513.0399780273438,513.6099853515625,512.5599975585938,512.5599975585938,204127
896,2024-08-29 15:55:00,512.6199951171875,513.3300170898438,512.6199951171875,513.1400146484375,124055
897,2024-08-29 16:00:00,513.18,513.68,513.17,513.65,0
898,2024-08-29 16:05:00,513.62,514.009,513.21,514.0,0
899,2024-08-29 16:10:00,514.03,514.1,513.87,513.89,0
900,2024-08-29 16:15:00,513.21,514.08,513.21,514.045,0
901,2024-08-29 16:20:00,514.08,514.1,514.02,514.0294,0
902,2024-08-29 16:25:00,514.02,514.13,514.01,514.09,0
903,2024-08-29 16:30:00,514.14,514.14,513.95,513.95,0
904,2024-08-29 16:35:00,513.94,514.0587,513.88,513.965,0
905,2024-08-29 16:40:00,513.99,514.03,513.9412,513.95,0
906,2024-08-29 16:45:00,513.92,513.93,513.805,513.85,0
907,2024-08-29 16:50:00,513.83,513.96,513.83,513.92,0
908,2024-08-29 16:55:00,513.88,513.965,513.866,513.915,0
909,2024-08-29 17:00:00,513.57,513.94,513.56,513.91,0
910,2024-08-29 17:05:00,513.91,513.94,513.76,513.865,0
911,2024-08-29 17:10:00,513.865,513.93,513.55,513.55,0
912,2024-08-29 17:15:00,513.55,513.94,513.2,513.57,0
913,2024-08-29 17:20:00,513.57,513.94,513.2,513.57,0
914,2024-08-29 17:25:00,513.57,513.94,513.375,513.375,0
915,2024-08-29 17:30:00,513.375,514.28,513.31,514.155,0
916,2024-08-29 17:35:00,513.95,514.8,513.31,514.03,0
917,2024-08-29 17:40:00,514.1,514.6,513.31,513.96,0
918,2024-08-29 17:45:00,513.96,515.25,513.32,515.25,0
919,2024-08-29 17:50:00,515.25,515.25,513.31,514.28,0
920,2024-08-29 17:55:00,514.28,515.25,513.3585,513.905,0
921,2024-08-29 18:00:00,513.81,514.28,513.81,514.05,0
922,2024-08-29 18:05:00,513.98,513.98,513.41,513.61,0
923,2024-08-29 18:10:00,513.57,513.84,513.505,513.705,0
924,2024-08-29 18:15:00,513.78,513.97,513.66,513.82,0
925,2024-08-29 18:20:00,513.875,513.94,513.605,513.605,0
926,2024-08-29 18:25:00,513.73,513.86,513.59,513.86,0
927,2024-08-29 18:30:00,513.825,513.86,513.67,513.6704,0
928,2024-08-29 18:35:00,513.735,513.77,513.695,513.77,0
929,2024-08-29 18:40:00,513.66,513.82,513.66,513.795,0
930,2024-08-29 18:45:00,513.8,513.82,513.64,513.76,0
931,2024-08-29 18:50:00,513.715,513.78,513.665,513.675,0
932,2024-08-29 18:55:00,513.685,513.735,513.6612,513.72,0
933,2024-08-29 19:00:00,513.69,513.69,513.56,513.67,0
934,2024-08-29 19:05:00,513.63,513.71,513.55,513.6812,0
935,2024-08-29 19:10:00,513.735,513.84,513.705,513.84,0
936,2024-08-29 19:15:00,513.785,513.86,513.68,513.765,0
937,2024-08-29 19:20:00,513.69,513.92,513.69,513.864,0
938,2024-08-29 19:25:00,513.83,513.91,513.77,513.81,0
939,2024-08-29 19:30:00,513.81,513.81,513.62,513.65,0
940,2024-08-29 19:35:00,513.65,513.75,513.625,513.655,0
941,2024-08-29 19:40:00,513.59,513.68,513.546,513.66,0
942,2024-08-29 19:45:00,513.655,513.87,513.63,513.84,0
943,2024-08-29 19:50:00,513.84,513.84,513.61,513.65,0
944,2024-08-29 19:55:00,513.655,513.72,513.61,513.65,0
945,2024-08-30 04:00:00,514.53,515.58,514.5,515.43,0
946,2024-08-30 04:05:00,515.49,515.56,515.43,515.43,0
947,2024-08-30 04:10:00,515.46,515.54,515.44,515.54,0
948,2024-08-30 04:15:00,515.49,515.64,515.49,515.64,0
949,2024-08-30 04:20:00,515.56,515.56,515.49,515.5,0
950,2024-08-30 04:25:00,515.54,515.69,515.54,515.69,0
951,2024-08-30 04:30:00,515.55,515.61,515.54,515.59,0
952,2024-08-30 04:35:00,515.65,515.67,515.54,515.58,0
953,2024-08-30 04:40:00,515.67,515.73,515.66,515.73,0
954,2024-08-30 04:45:00,515.75,515.77,515.59,515.67,0
955,2024-08-30 04:50:00,515.6,515.63,515.48,515.52,0
956,2024-08-30 04:55:00,515.54,515.54,515.45,515.52,0
957,2024-08-30 05:00:00,515.5,515.55,515.47,515.55,0
958,2024-08-30 05:05:00,515.57,515.57,515.49,515.54,0
959,2024-08-30 05:10:00,515.53,515.54,515.53,515.54,0
960,2024-08-30 05:15:00,515.57,515.59,515.54,515.59,0
961,2024-08-30 05:20:00,515.54,515.58,515.42,515.47,0
962,2024-08-30 05:25:00,515.49,515.54,515.49,515.54,0
963,2024-08-30 05:30:00,515.46,515.52,515.36,515.4,0
964,2024-08-30 05:35:00,515.33,515.47,515.33,515.47,0
965,2024-08-30 05:40:00,515.49,515.5,515.43,515.5,0
966,2024-08-30 05:45:00,515.52,515.58,515.49,515.54,0
967,2024-08-30 05:50:00,515.56,515.56,515.54,515.54,0
968,2024-08-30 05:55:00,515.56,515.62,515.56,515.62,0
969,2024-08-30 06:00:00,515.63,515.63,515.51,515.51,0
970,2024-08-30 06:05:00,515.51,515.59,515.46,515.54,0
971,2024-08-30 06:10:00,515.53,515.54,515.51,515.51,0
972,2024-08-30 06:15:00,515.51,515.51,515.38,515.38,0
973,2024-08-30 06:20:00,515.38,515.38,515.38,515.38,0
974,2024-08-30 06:25:00,515.38,515.43,515.34,515.43,0
975,2024-08-30 06:30:00,515.39,515.41,515.18,515.18,0
976,2024-08-30 06:35:00,515.15,515.15,515.1,515.15,0
977,2024-08-30 06:40:00,515.2,515.27,515.18,515.27,0
978,2024-08-30 06:45:00,515.33,515.43,515.32,515.38,0
979,2024-08-30 06:50:00,515.39,515.61,515.39,515.61,0
980,2024-08-30 06:55:00,515.63,515.8,515.63,515.8,0
981,2024-08-30 07:00:00,515.89,516.0,515.75,515.75,0
982,2024-08-30 07:05:00,515.82,515.82,515.71,515.71,0
983,2024-08-30 07:10:00,515.731,515.76,515.61,515.69,0
984,2024-08-30 07:15:00,515.65,515.86,515.65,515.86,0
985,2024-08-30 07:20:00,515.82,515.82,515.71,515.71,0
986,2024-08-30 07:25:00,515.706,515.73,515.706,515.71,0
987,2024-08-30 07:30:00,515.72,515.759,515.72,515.72,0
988,2024-08-30 07:35:00,515.76,515.77,515.71,515.74,0
989,2024-08-30 07:40:00,515.73,515.74,515.27,515.27,0
990,2024-08-30 07:45:00,515.31,515.5,515.21,515.5,0
991,2024-08-30 07:50:00,515.5,515.63,515.5,515.59,0
992,2024-08-30 07:55:00,515.58,515.59,515.52,515.59,0
993,2024-08-30 08:00:00,515.5388,517.05,514.17,515.79,0
994,2024-08-30 08:05:00,515.875,515.96,515.78,515.885,0
995,2024-08-30 08:10:00,515.88,516.0,515.83,515.91,0
996,2024-08-30 08:15:00,515.93,516.115,515.875,516.05,0
997,2024-08-30 08:20:00,516.05,516.17,515.84,515.84,0
998,2024-08-30 08:25:00,515.79,516.05,515.79,516.05,0
999,2024-08-30 08:30:00,516.055,516.53,515.49,515.53,0
1000,2024-08-30 08:35:00,515.54,515.56,515.15,515.56,0
1001,2024-08-30 08:40:00,515.5,515.86,515.43,515.58,0
1002,2024-08-30 08:45:00,515.49,515.55,513.21,515.22,0
1003,2024-08-30 08:50:00,515.27,515.33,515.01,515.2097,0
1004,2024-08-30 08:55:00,515.18,515.28,514.94,515.095,0
1005,2024-08-30 09:00:00,515.095,515.19,514.92,515.0,0
1006,2024-08-30 09:05:00,514.91,515.3197,514.91,515.215,0
1007,2024-08-30 09:10:00,515.29,515.46,515.21,515.28,0
1008,2024-08-30 09:30:00,515.4199829101562,516.0,515.2000122070312,515.7100219726562,215481
1009,2024-08-30 09:35:00,515.7899780273438,516.2396240234375,515.5900268554688,516.14501953125,46684
1010,2024-08-30 09:40:00,516.0399780273438,516.4400024414062,516.0,516.1898803710938,27081
1011,2024-08-30 09:45:00,516.2100219726562,516.35498046875,515.5643920898438,515.5800170898438,54025
1012,2024-08-30 09:50:00,515.5900268554688,516.3900146484375,515.1292114257812,516.2000122070312,44205
1013,2024-08-30 09:55:00,516.1400146484375,516.4000244140625,515.780029296875,516.2849731445312,24260
1014,2024-08-30 10:00:00,516.3400268554688,516.780029296875,516.3150024414062,516.5494995117188,44216
1015,2024-08-30 10:05:00,516.5599975585938,516.5999755859375,516.0900268554688,516.2498779296875,28899
1016,2024-08-30 10:10:00,516.2150268554688,516.5999755859375,516.1716918945312,516.239990234375,45266
1017,2024-08-30 10:15:00,516.2899780273438,516.4500122070312,515.9600219726562,516.25439453125,39412
1018,2024-08-30 10:20:00,516.1400146484375,516.219970703125,515.7100219726562,515.7999877929688,35209
1019,2024-08-30 10:25:00,515.4099731445312,515.9749755859375,515.2899780273438,515.85498046875,38432
1020,2024-08-30 10:30:00,515.9099731445312,516.0999755859375,515.7680053710938,515.9400024414062,39068
1021,2024-08-30 10:35:00,515.9600219726562,516.375,515.9500122070312,516.239990234375,40784
1022,2024-08-30 10:40:00,516.2100219726562,516.6799926757812,515.5900268554688,515.72998046875,40200
1023,2024-08-30 10:45:00,515.7100219726562,516.4000244140625,515.4099731445312,516.3400268554688,37221
1024,2024-08-30 10:50:00,516.3499755859375,516.4340209960938,515.6500244140625,515.780029296875,945093
1025,2024-08-30 10:55:00,515.5850219726562,515.8499755859375,514.6799926757812,514.6799926757812,56112
1026,2024-08-30 11:00:00,514.6400146484375,515.1400146484375,514.355712890625,515.0399780273438,37716
1027,2024-08-30 11:05:00,515.0599975585938,515.1004028320312,514.8099975585938,514.9832153320312,45191
1028,2024-08-30 11:10:00,514.9959716796875,515.0499877929688,514.6699829101562,514.8499755859375,30621
1029,2024-08-30 11:15:00,514.9000244140625,514.9000244140625,514.22998046875,514.385009765625,40111
1030,2024-08-30 11:20:00,514.260009765625,514.3300170898438,513.9600219726562,514.0499877929688,50659
1031,2024-08-30 11:25:00,513.9600219726562,514.1199951171875,513.9000244140625,513.976806640625,26957
1032,2024-08-30 11:30:00,513.75,514.0599975585938,512.9400024414062,513.5250244140625,57508
1033,2024-08-30 11:35:00,513.4862060546875,513.7999267578125,513.4094848632812,513.52001953125,28415
1034,2024-08-30 11:40:00,513.7899780273438,513.7899780273438,513.5701293945312,513.64501953125,22062
1035,2024-08-30 11:45:00,513.6699829101562,513.8499755859375,513.489990234375,513.5599975585938,16524
1036,2024-08-30 11:50:00,513.5499877929688,514.0399780273438,513.5499877929688,514.0222778320312,19215
1037,2024-08-30 11:55:00,514.02001953125,514.1099853515625,513.6699829101562,513.9149780273438,17363
1038,2024-08-30 12:00:00,513.7449951171875,513.8897705078125,513.0999755859375,513.8897705078125,18969
1039,2024-08-30 12:05:00,513.8800048828125,514.2598876953125,513.8720092773438,514.1500244140625,16883
1040,2024-08-30 12:10:00,514.1799926757812,514.3800048828125,513.9650268554688,514.1300048828125,20146
1041,2024-08-30 12:15:00,514.0900268554688,514.1972045898438,513.6500854492188,513.760009765625,48352
1042,2024-08-30 12:20:00,513.7100219726562,513.844970703125,513.5953979492188,513.6209716796875,14508
1043,2024-08-30 12:25:00,513.5700073242188,513.739990234375,512.8800048828125,512.969970703125,32473
1044,2024-08-30 12:30:00,512.9650268554688,513.1099853515625,512.260009765625,512.4423828125,31348
1045,2024-08-30 12:35:00,512.3800048828125,512.760009765625,512.1199951171875,512.75,72587
1046,2024-08-30 12:40:00,512.6300048828125,512.8300170898438,512.489990234375,512.8300170898438,15159
1047,2024-08-30 12:45:00,512.7100219726562,513.0800170898438,512.7100219726562,513.0349731445312,20561
1048,2024-08-30 12:50:00,513.0599975585938,513.625,513.0599975585938,513.5606079101562,20249
1049,2024-08-30 12:55:00,513.5599975585938,514.0250244140625,513.5599975585938,513.8400268554688,16692
1050,2024-08-30 13:00:00,513.8900146484375,514.5599975585938,513.8200073242188,514.3400268554688,30196
1051,2024-08-30 13:05:00,514.3400268554688,514.3699951171875,513.8300170898438,513.989990234375,14691
1052,2024-08-30 13:10:00,514.030029296875,514.25,514.010009765625,514.2100219726562,12672
1053,2024-08-30 13:15:00,514.22998046875,514.2999877929688,513.6950073242188,513.7249755859375,20496
1054,2024-08-30 13:20:00,513.8400268554688,513.9400024414062,513.469970703125,513.5499877929688,20933
1055,2024-08-30 13:25:00,513.5700073242188,513.8300170898438,513.5700073242188,513.7249755859375,19833
1056,2024-08-30 13:30:00,513.719970703125,513.989990234375,513.6599731445312,513.77001953125,22030
1057,2024-08-30 13:35:00,513.7449951171875,514.0700073242188,513.7449951171875,513.8049926757812,18193
1058,2024-08-30 13:40:00,513.9099731445312,514.030029296875,513.719970703125,513.8389282226562,20116
1059,2024-08-30 13:45:00,513.7999877929688,513.9550170898438,513.7000122070312,513.8350830078125,16676
1060,2024-08-30 13:50:00,513.7999877929688,514.0399780273438,513.75,514.010009765625,14072
1061,2024-08-30 13:55:00,514.010009765625,514.0897827148438,513.5499877929688,513.7133178710938,14295
1062,2024-08-30 14:00:00,513.6599731445312,513.9274291992188,513.5,513.760009765625,15457
1063,2024-08-30 14:05:00,513.7899780273438,514.1998901367188,513.72998046875,514.1500244140625,27076
1064,2024-08-30 14:10:00,514.1300048828125,514.3499755859375,514.0422973632812,514.2100219726562,30789
1065,2024-08-30 14:15:00,514.22998046875,514.3699951171875,514.22998046875,514.344970703125,12291
1066,2024-08-30 14:20:00,514.3250122070312,514.510009765625,514.3200073242188,514.3200073242188,22965
1067,2024-08-30 14:25:00,514.4149780273438,514.75,514.3699951171875,514.3699951171875,24639
1068,2024-08-30 14:30:00,514.4168090820312,514.60498046875,514.385009765625,514.5349731445312,21997
1069,2024-08-30 14:35:00,514.6099853515625,514.9600219726562,514.5700073242188,514.9000244140625,21269
1070,2024-08-30 14:40:00,514.8831787109375,515.1699829101562,514.8300170898438,514.9299926757812,22220
1071,2024-08-30 14:45:00,514.989990234375,515.1900024414062,514.8900146484375,515.1799926757812,17600
1072,2024-08-30 14:50:00,515.2050170898438,515.5399780273438,515.1868286132812,515.3250122070312,19718
1073,2024-08-30 14:55:00,515.1900024414062,515.3400268554688,515.1400146484375,515.3400268554688,16104
1074,2024-08-30 15:00:00,515.2999877929688,515.469970703125,515.239990234375,515.3012084960938,22765
1075,2024-08-30 15:05:00,515.2349853515625,515.5399169921875,515.2349853515625,515.39501953125,20742
1076,2024-08-30 15:10:00,515.375,515.489990234375,514.844970703125,515.219970703125,27338
1077,2024-08-30 15:15:00,515.1849975585938,515.47998046875,515.1099853515625,515.4400024414062,144919
1078,2024-08-30 15:20:00,515.4500122070312,516.2000122070312,515.4500122070312,516.0599975585938,88076
1079,2024-08-30 15:25:00,516.0499877929688,516.5,515.9299926757812,516.3499755859375,142042
1080,2024-08-30 15:30:00,516.510009765625,516.5250244140625,515.8099975585938,515.9099731445312,84402
1081,2024-08-30 15:35:00,515.9349975585938,516.3800048828125,515.9349975585938,516.3250122070312,162880
1082,2024-08-30 15:40:00,516.2999877929688,516.5900268554688,516.1201171875,516.22998046875,186420
1083,2024-08-30 15:45:00,516.2100219726562,516.530029296875,516.1500244140625,516.5089721679688,88348
1084,2024-08-30 15:50:00,516.530029296875,518.0800170898438,516.52001953125,517.7999877929688,264786
1085,2024-08-30 15:55:00,517.8099975585938,518.5800170898438,517.77001953125,518.02001953125,578777
1086,2024-08-30 16:00:00,518.01,518.47,517.545,517.825,0
1087,2024-08-30 16:05:00,517.905,518.08,513.13,517.92,0
1088,2024-08-30 16:10:00,517.93,517.95,517.56,517.63,0
1089,2024-08-30 16:15:00,518.04,518.04,517.67,517.96,0
1090,2024-08-30 16:20:00,517.95,518.1,517.95,517.98,0
1091,2024-08-30 16:25:00,517.98,518.11,517.98,518.06,0
1092,2024-08-30 16:30:00,518.06,518.1,518.0,518.02,0
1093,2024-08-30 16:35:00,518.06,518.07,517.97,518.02,0
1094,2024-08-30 16:40:00,518.02,518.06,517.91,518.03,0
1095,2024-08-30 16:45:00,518.04,518.05,517.86,517.91,0
1096,2024-08-30 16:50:00,517.88,517.99,517.82,517.85,0
1097,2024-08-30 16:55:00,517.79,517.94,517.75,517.84,0
1098,2024-08-30 17:00:00,517.84,517.89,517.79,517.88,0
1099,2024-08-30 17:05:00,517.79,517.89,517.0,517.89,0
1100,2024-08-30 17:10:00,517.89,518.06,517.22,517.79,0
1101,2024-08-30 17:15:00,517.485,517.98,515.89,517.825,0
1102,2024-08-30 17:20:00,517.8,517.98,517.2,517.755,0
1103,2024-08-30 17:25:00,517.755,517.9727,517.68,517.83,0
1104,2024-08-30 17:30:00,518.0,518.06,517.69,517.7,0
1105,2024-08-30 17:35:00,518.06,518.06,517.7,517.88,0
1106,2024-08-30 17:40:00,517.88,518.06,517.66,518.0502,0
1107,2024-08-30 17:45:00,517.865,518.06,517.67,517.865,0
1108,2024-08-30 17:50:00,517.865,518.06,517.67,517.865,0
1109,2024-08-30 17:55:00,517.865,518.06,517.67,518.03,0
1110,2024-08-30 18:00:00,518.01,518.12,517.67,518.025,0
1111,2024-08-30 18:05:00,518.025,518.38,517.67,518.025,0
1112,2024-08-30 18:10:00,517.895,518.12,517.66,517.66,0
1113,2024-08-30 18:15:00,518.1,518.38,517.66,518.06,0
1114,2024-08-30 18:20:00,518.38,518.38,517.66,518.12,0
1115,2024-08-30 18:25:00,518.04,518.38,517.66,517.97,0
1116,2024-08-30 18:30:00,518.02,518.38,517.66,518.02,0
1117,2024-08-30 18:35:00,518.02,518.38,517.66,518.02,0
1118,2024-08-30 18:40:00,518.38,518.38,517.66,518.02,0
1119,2024-08-30 18:45:00,518.02,518.38,517.66,517.67,0
1120,2024-08-30 18:50:00,517.12,518.38,517.12,518.38,0
1121,2024-08-30 18:55:00,517.75,518.38,517.2,517.75,0
1122,2024-08-30 19:00:00,518.0,518.38,517.79,518.0,0
1123,2024-08-30 19:05:00,518.065,518.38,517.75,518.01,0
1124,2024-08-30 19:10:00,518.12,518.38,517.86,518.12,0
1125,2024-08-30 19:15:00,518.38,518.38,517.79,517.79,0
1126,2024-08-30 19:20:00,517.79,518.12,517.79,518.045,0
1127,2024-08-30 19:25:00,518.12,518.3788,517.8028,518.3788,0
1128,2024-08-30 19:30:00,518.38,518.38,517.71,518.045,0
1129,2024-08-30 19:35:00,517.95,518.38,517.71,518.045,0
1130,2024-08-30 19:40:00,518.045,518.38,517.88,517.88,0
1131,2024-08-30 19:45:00,517.88,518.2,517.71,517.89,0
1132,2024-08-30 19:50:00,517.71,518.2,517.71,517.96,0
1133,2024-08-30 19:55:00,517.96,518.2,517.71,517.875,0
